unemployment_pct,wage_pct,avg_disposable_income_change_pct,net_revenue_change_pct,gini_change_pp
0,0,0.5765013133542274,-10.453362085338968,0.05131949902819066
0,1,1.0489158502241525,-33.94853416570901,0.11386435389784122
0,2,1.520872803644302,-57.47632084322163,0.1775706251156861
