{
  "reform": "R1_wage_insurance",
  "family": "junior",
  "gross_cost_bn": 20.328103511485565,
  "poverty_change_bhc_pp": -1.5696378462480869,
  "poverty_change_ahc_pp": -1.6752633661963612,
  "gini_change_pp": -0.9103997897980887,
  "cost_per_pp_bhc_bn": 12.950824013370939,
  "cost_per_pp_ahc_bn": 12.134273286020669,
  "decile_benefit_share_pct": {
    "1": 0.9067751125429898,
    "2": 3.5849759637327643,
    "3": 3.494686644468992,
    "4": 7.4291044250271465,
    "5": 9.104190079412888,
    "6": 11.723839080014155,
    "7": 12.06115963489134,
    "8": 16.052791142537004,
    "9": 16.616203346446074,
    "10": 19.026274570926642
  },
  "decile_mean_gain_gbp": {
    "1": 81.88299127509,
    "2": 323.5939398879347,
    "3": 315.53492107310166,
    "4": 670.7294785791483,
    "5": 822.0369701900586,
    "6": 1058.3572946815057,
    "7": 1088.8462547371932,
    "8": 1449.1388708127301,
    "9": 1500.1905880271115,
    "10": 1717.534414580841
  },
  "shocked_no_reform": {
    "poverty_bhc": 0.16488241293652833,
    "poverty_ahc": 0.20755895851051037,
    "gini": 0.3202104785750345
  },
  "shocked_with_reform": {
    "poverty_bhc": 0.14918603447404746,
    "poverty_ahc": 0.19080632484854676,
    "gini": 0.3111064806770536
  },
  "implementation": "post-simulation transfer, non-taxable, means-test disregarded",
  "poverty_rule_agreement_bhc": 1.0,
  "poverty_rule_agreement_ahc": 1.0,
  "displaced_weighted_m": 1.5429996252059937,
  "mean_transfer_per_displaced_gbp": 13174.405996038764
}