{
  "reform": "R1_wage_insurance",
  "family": "exposure",
  "gross_cost_bn": 20.321043686083854,
  "poverty_change_bhc_pp": -1.3534648569381413,
  "poverty_change_ahc_pp": -1.418084829774699,
  "gini_change_pp": -0.8812906325393,
  "cost_per_pp_bhc_bn": 15.014090378419485,
  "cost_per_pp_ahc_bn": 14.329921073418717,
  "decile_benefit_share_pct": {
    "1": 1.3513488654238868,
    "2": 2.260171349687695,
    "3": 4.319660985133548,
    "4": 6.955896137620533,
    "5": 7.207985723833159,
    "6": 10.342588710153741,
    "7": 14.56275872105974,
    "8": 14.581013310791484,
    "9": 15.90774089741683,
    "10": 22.510835298879382
  },
  "decile_mean_gain_gbp": {
    "1": 124.08176880033699,
    "2": 207.4444804127619,
    "3": 396.58404786368914,
    "4": 638.5727864089702,
    "5": 661.7749715778534,
    "6": 949.3756754261814,
    "7": 1336.8033861091542,
    "8": 1338.423470625271,
    "9": 1460.3922968933812,
    "10": 2066.2824418488217
  },
  "shocked_no_reform": {
    "poverty_bhc": 0.16292158765516923,
    "poverty_ahc": 0.2048908761153644,
    "gini": 0.31891498587515277
  },
  "shocked_with_reform": {
    "poverty_bhc": 0.14938693908578782,
    "poverty_ahc": 0.19071002781761742,
    "gini": 0.31010207954975977
  },
  "implementation": "post-simulation transfer, non-taxable, means-test disregarded",
  "poverty_rule_agreement_bhc": 1.0,
  "poverty_rule_agreement_ahc": 1.0,
  "displaced_weighted_m": 1.5438872575759888,
  "mean_transfer_per_displaced_gbp": 13162.258892988368
}