{
  "reform": "R1_wage_insurance",
  "family": "uniform",
  "gross_cost_bn": 20.26752250968716,
  "poverty_change_bhc_pp": -1.5352179877645895,
  "poverty_change_ahc_pp": -1.7408931707726505,
  "gini_change_pp": -0.9446019605324651,
  "cost_per_pp_bhc_bn": 13.201722928740844,
  "cost_per_pp_ahc_bn": 11.642025398199445,
  "decile_benefit_share_pct": {
    "1": 1.4289796646416562,
    "2": 4.701328573079452,
    "3": 5.856383480388032,
    "4": 9.159655890211969,
    "5": 7.1470114797528765,
    "6": 11.908300070410137,
    "7": 12.593850979545879,
    "8": 11.691353944418585,
    "9": 18.83357575612216,
    "10": 16.679560161429272
  },
  "decile_mean_gain_gbp": {
    "1": 132.42250070605007,
    "2": 435.27739601589536,
    "3": 542.3424822159274,
    "4": 848.2496644146439,
    "5": 661.9439202172881,
    "6": 1102.715460729017,
    "7": 1166.5168449671391,
    "8": 1082.7010959373952,
    "9": 1743.9856640256594,
    "10": 1544.6212241993228
  },
  "shocked_no_reform": {
    "poverty_bhc": 0.1663855576330987,
    "poverty_ahc": 0.2075345742160566,
    "gini": 0.32136219619764317
  },
  "shocked_with_reform": {
    "poverty_bhc": 0.1510333777554528,
    "poverty_ahc": 0.19012564250833008,
    "gini": 0.3119161765923185
  },
  "implementation": "post-simulation transfer, non-taxable, means-test disregarded",
  "poverty_rule_agreement_bhc": 1.0,
  "poverty_rule_agreement_ahc": 1.0,
  "displaced_weighted_m": 1.6150879859924316,
  "mean_transfer_per_displaced_gbp": 12548.86576439622
}