{
  "reform": "R1_wage_insurance",
  "family": "exposure",
  "gross_cost_bn": 21.176081268246598,
  "poverty_change_bhc_pp": -1.5477209747131377,
  "poverty_change_ahc_pp": -1.616159648015461,
  "gini_change_pp": -0.9686619912031236,
  "cost_per_pp_bhc_bn": 13.6821052465038,
  "cost_per_pp_ahc_bn": 13.102716241090075,
  "decile_benefit_share_pct": {
    "1": 1.1548582756174175,
    "2": 3.755856723057809,
    "3": 5.05717454995737,
    "4": 6.918849181846533,
    "5": 6.77999775627772,
    "6": 10.927104397842315,
    "7": 13.910053587670822,
    "8": 12.955270786144785,
    "9": 20.118927073055872,
    "10": 18.42190766852935
  },
  "decile_mean_gain_gbp": {
    "1": 111.70231632936337,
    "2": 362.95457778660983,
    "3": 488.8209525886088,
    "4": 668.7690308756789,
    "5": 655.42653501442,
    "6": 1056.1279547339436,
    "7": 1344.8040839878329,
    "8": 1252.2412751038942,
    "9": 1944.521258636261,
    "10": 1780.6138903889005
  },
  "shocked_no_reform": {
    "poverty_bhc": 0.1667697309463534,
    "poverty_ahc": 0.20729797896218527,
    "gini": 0.3209752663760864
  },
  "shocked_with_reform": {
    "poverty_bhc": 0.151292521199222,
    "poverty_ahc": 0.19113638248203066,
    "gini": 0.3112886464640552
  },
  "implementation": "post-simulation transfer, non-taxable, means-test disregarded",
  "poverty_rule_agreement_bhc": 1.0,
  "poverty_rule_agreement_ahc": 1.0,
  "displaced_weighted_m": 1.607592225074768,
  "mean_transfer_per_displaced_gbp": 13172.545008379206
}