{
  "reform": "R1_wage_insurance",
  "family": "junior",
  "gross_cost_bn": 21.381853357215512,
  "poverty_change_bhc_pp": -1.4712921788814226,
  "poverty_change_ahc_pp": -1.4981599906293885,
  "gini_change_pp": -0.9047779466445527,
  "cost_per_pp_bhc_bn": 14.532703744453713,
  "cost_per_pp_ahc_bn": 14.27207607395311,
  "decile_benefit_share_pct": {
    "1": 1.1330592273378441,
    "2": 2.47365130868129,
    "3": 5.3515708857885835,
    "4": 4.878192134919165,
    "5": 7.670980391228992,
    "6": 11.13419782567667,
    "7": 12.861714183620045,
    "8": 13.683768999943192,
    "9": 18.236951065645492,
    "10": 22.575913977158724
  },
  "decile_mean_gain_gbp": {
    "1": 112.13067801889532,
    "2": 244.69795549381473,
    "3": 529.5393055165259,
    "4": 482.6669492583843,
    "5": 759.0644194653502,
    "6": 1101.5370794438566,
    "7": 1272.489123911651,
    "8": 1353.7638517326093,
    "9": 1804.4489484939293,
    "10": 2233.4424087641205
  },
  "shocked_no_reform": {
    "poverty_bhc": 0.16466872018488804,
    "poverty_ahc": 0.20518579068262133,
    "gini": 0.31829270467234594
  },
  "shocked_with_reform": {
    "poverty_bhc": 0.14995579839607381,
    "poverty_ahc": 0.19020419077632744,
    "gini": 0.3092449252059004
  },
  "implementation": "post-simulation transfer, non-taxable, means-test disregarded",
  "poverty_rule_agreement_bhc": 1.0,
  "poverty_rule_agreement_ahc": 1.0,
  "displaced_weighted_m": 1.6116807460784912,
  "mean_transfer_per_displaced_gbp": 13266.804456909666
}