{
  "reform": "R1_wage_insurance",
  "family": "exposure",
  "gross_cost_bn": 20.636636771513015,
  "poverty_change_bhc_pp": -1.4097580958713523,
  "poverty_change_ahc_pp": -1.4901280008569606,
  "gini_change_pp": -0.9220382679772321,
  "cost_per_pp_bhc_bn": 14.638424018950422,
  "cost_per_pp_ahc_bn": 13.848902080656863,
  "decile_benefit_share_pct": {
    "1": 1.6088174429566526,
    "2": 3.0782512397369843,
    "3": 4.199177988859722,
    "4": 7.434313827620789,
    "5": 7.312591100634925,
    "6": 8.78534625138307,
    "7": 14.550398856506579,
    "8": 14.874665478479557,
    "9": 15.569174933022065,
    "10": 22.587262880799667
  },
  "decile_mean_gain_gbp": {
    "1": 151.35534752027385,
    "2": 289.47768464238305,
    "3": 395.0029776367288,
    "4": 699.2761513311788,
    "5": 687.8887687326915,
    "6": 826.2628700365095,
    "7": 1368.514143377998,
    "8": 1398.9543846210736,
    "9": 1464.4587123548858,
    "10": 2124.2821026534343
  },
  "shocked_no_reform": {
    "poverty_bhc": 0.16414194558376607,
    "poverty_ahc": 0.2054322588873255,
    "gini": 0.319473415659592
  },
  "shocked_with_reform": {
    "poverty_bhc": 0.15004436462505255,
    "poverty_ahc": 0.1905309788787559,
    "gini": 0.31025303297981965
  },
  "implementation": "post-simulation transfer, non-taxable, means-test disregarded",
  "poverty_rule_agreement_bhc": 1.0,
  "poverty_rule_agreement_ahc": 1.0,
  "displaced_weighted_m": 1.5572571754455566,
  "mean_transfer_per_displaced_gbp": 13251.913534518595
}