{
  "reform": "R1_wage_insurance",
  "family": "uniform",
  "gross_cost_bn": 20.26752250968716,
  "poverty_change_bhc_pp": -1.5194229611550676,
  "poverty_change_ahc_pp": -1.7245682595925793,
  "gini_change_pp": -0.9485366266599127,
  "cost_per_pp_bhc_bn": 13.338960268363827,
  "cost_per_pp_ahc_bn": 11.752229809955601,
  "decile_benefit_share_pct": {
    "1": 1.3965240177248548,
    "2": 4.4821095896072745,
    "3": 6.108058110777007,
    "4": 8.739383959092963,
    "5": 7.290719491203692,
    "6": 12.558364398785026,
    "7": 12.470409565593208,
    "8": 11.408686361564117,
    "9": 18.866184344222585,
    "10": 16.67956016142927
  },
  "decile_mean_gain_gbp": {
    "1": 129.36461592623453,
    "2": 415.02053819459223,
    "3": 565.7379824522484,
    "4": 809.4028662119747,
    "5": 675.2948058360324,
    "6": 1162.970038029428,
    "7": 1154.864947841074,
    "8": 1056.4965379968303,
    "9": 1747.316984370037,
    "10": 1544.5759518574384
  },
  "shocked_no_reform": {
    "poverty_bhc": 0.16432039854259448,
    "poverty_ahc": 0.205478933635222,
    "gini": 0.32044794280859423
  },
  "shocked_with_reform": {
    "poverty_bhc": 0.1491261689310438,
    "poverty_ahc": 0.1882332510392962,
    "gini": 0.3109625765419951
  },
  "implementation": "post-simulation transfer, non-taxable, means-test disregarded",
  "poverty_rule_agreement_bhc": 1.0,
  "poverty_rule_agreement_ahc": 1.0,
  "displaced_weighted_m": 1.6150879859924316,
  "mean_transfer_per_displaced_gbp": 12548.86576439622
}