{
  "reform": "R1_wage_insurance",
  "family": "junior",
  "gross_cost_bn": 21.381853357215512,
  "poverty_change_bhc_pp": -1.4548190952365814,
  "poverty_change_ahc_pp": -1.5243529668228728,
  "gini_change_pp": -0.9022591043317929,
  "cost_per_pp_bhc_bn": 14.697259217468831,
  "cost_per_pp_ahc_bn": 14.026838811342076,
  "decile_benefit_share_pct": {
    "1": 1.4717137425189932,
    "2": 2.1744282583438284,
    "3": 5.312139420944896,
    "4": 5.294964329889454,
    "5": 7.470249850503937,
    "6": 10.846509265403949,
    "7": 13.204646195991359,
    "8": 13.418085867140514,
    "9": 18.231349092104338,
    "10": 22.575913977158724
  },
  "decile_mean_gain_gbp": {
    "1": 145.7014331784522,
    "2": 215.07767613996344,
    "3": 525.5551842394879,
    "4": 523.8564781522684,
    "5": 739.1568184625747,
    "6": 1073.021509050076,
    "7": 1306.6641497144265,
    "8": 1327.5138983079921,
    "9": 1803.572796989747,
    "10": 2233.5078721478967
  },
  "shocked_no_reform": {
    "poverty_bhc": 0.1666751089561469,
    "poverty_ahc": 0.20750117061482168,
    "gini": 0.3193365684122369
  },
  "shocked_with_reform": {
    "poverty_bhc": 0.1521269180037811,
    "poverty_ahc": 0.19225764094659295,
    "gini": 0.31031397736891897
  },
  "implementation": "post-simulation transfer, non-taxable, means-test disregarded",
  "poverty_rule_agreement_bhc": 1.0,
  "poverty_rule_agreement_ahc": 1.0,
  "displaced_weighted_m": 1.6116807460784912,
  "mean_transfer_per_displaced_gbp": 13266.804456909666
}