{
  "reform": "R1_wage_insurance",
  "family": "exposure",
  "gross_cost_bn": 21.176081268246598,
  "poverty_change_bhc_pp": -1.5337298050844854,
  "poverty_change_ahc_pp": -1.6483440082269012,
  "gini_change_pp": -0.9743699481773671,
  "cost_per_pp_bhc_bn": 13.80691774916646,
  "cost_per_pp_ahc_bn": 12.846882181484306,
  "decile_benefit_share_pct": {
    "1": 1.1237631354873283,
    "2": 3.7869518631878982,
    "3": 5.05717454995737,
    "4": 6.271914604732809,
    "5": 7.064045646084672,
    "6": 11.540367591057654,
    "7": 13.899253864890277,
    "8": 12.711444083896563,
    "9": 20.123176992176074,
    "10": 18.42190766852935
  },
  "decile_mean_gain_gbp": {
    "1": 108.65247590354166,
    "2": 365.99458061558437,
    "3": 488.89756317036773,
    "4": 606.291955759899,
    "5": 682.9269772574111,
    "6": 1115.457016483282,
    "7": 1343.5063445999313,
    "8": 1228.6412169038406,
    "9": 1945.279112150613,
    "10": 1780.5617011793088
  },
  "shocked_no_reform": {
    "poverty_bhc": 0.1647736821441488,
    "poverty_ahc": 0.20572743109526578,
    "gini": 0.32006885434117716
  },
  "shocked_with_reform": {
    "poverty_bhc": 0.14943638409330395,
    "poverty_ahc": 0.18924399101299677,
    "gini": 0.3103251548594035
  },
  "implementation": "post-simulation transfer, non-taxable, means-test disregarded",
  "poverty_rule_agreement_bhc": 1.0,
  "poverty_rule_agreement_ahc": 1.0,
  "displaced_weighted_m": 1.607592225074768,
  "mean_transfer_per_displaced_gbp": 13172.545008379206
}