{
  "reform": "R1_wage_insurance",
  "family": "junior",
  "gross_cost_bn": 20.376763264771913,
  "poverty_change_bhc_pp": -1.5679483404369532,
  "poverty_change_ahc_pp": -1.7722368107269293,
  "gini_change_pp": -0.9241862114944599,
  "cost_per_pp_bhc_bn": 12.995812897185981,
  "cost_per_pp_ahc_bn": 11.49776550257629,
  "decile_benefit_share_pct": {
    "1": 0.8526113168206113,
    "2": 3.6218442973915317,
    "3": 3.7513788607414655,
    "4": 7.185026195037539,
    "5": 7.8647904708723235,
    "6": 11.90594077333633,
    "7": 11.98095872665067,
    "8": 16.79578555242987,
    "9": 16.527768099917846,
    "10": 19.513895706801815
  },
  "decile_mean_gain_gbp": {
    "1": 78.18320704363376,
    "2": 331.98020465241865,
    "3": 343.9524425702263,
    "4": 658.7301894991883,
    "5": 721.1165633035475,
    "6": 1091.4264067634588,
    "7": 1098.341387089308,
    "8": 1539.6714337518229,
    "9": 1515.2947876861103,
    "10": 1788.8089050908704
  },
  "shocked_no_reform": {
    "poverty_bhc": 0.16521329192536055,
    "poverty_ahc": 0.20841559753210517,
    "gini": 0.32018075725577566
  },
  "shocked_with_reform": {
    "poverty_bhc": 0.14953380852099102,
    "poverty_ahc": 0.19069322942483588,
    "gini": 0.31093889514083106
  },
  "implementation": "post-simulation transfer, non-taxable, means-test disregarded",
  "poverty_rule_agreement_bhc": 1.0,
  "poverty_rule_agreement_ahc": 1.0,
  "displaced_weighted_m": 1.5430988073349,
  "mean_transfer_per_displaced_gbp": 13205.093494354727
}