{
  "reform": "R1_wage_insurance",
  "family": "uniform",
  "gross_cost_bn": 19.874710166998696,
  "poverty_change_bhc_pp": -1.5404749470240897,
  "poverty_change_ahc_pp": -1.775989469838779,
  "gini_change_pp": -0.916917225239211,
  "cost_per_pp_bhc_bn": 12.901676983058328,
  "cost_per_pp_ahc_bn": 11.190781535885392,
  "decile_benefit_share_pct": {
    "1": 1.4336480099857158,
    "2": 3.1619712144081684,
    "3": 6.988054934673361,
    "4": 7.320296649113417,
    "5": 9.686123574801817,
    "6": 9.875974040321788,
    "7": 13.603527796051697,
    "8": 14.136499845896857,
    "9": 17.705947631527252,
    "10": 16.087956303219922
  },
  "decile_mean_gain_gbp": {
    "1": 132.04254785197637,
    "2": 291.10475233665454,
    "3": 643.5358608135867,
    "4": 674.088415814682,
    "5": 892.0255436278914,
    "6": 909.3260869169853,
    "7": 1252.5823745592852,
    "8": 1301.603162999085,
    "9": 1630.4634412296607,
    "10": 1481.2549612605703
  },
  "shocked_no_reform": {
    "poverty_bhc": 0.16482391637922586,
    "poverty_ahc": 0.20752805127082988,
    "gini": 0.3210449923960308
  },
  "shocked_with_reform": {
    "poverty_bhc": 0.14941916690898496,
    "poverty_ahc": 0.1897681565724421,
    "gini": 0.3118758201436387
  },
  "implementation": "post-simulation transfer, non-taxable, means-test disregarded",
  "poverty_rule_agreement_bhc": 1.0,
  "poverty_rule_agreement_ahc": 1.0,
  "displaced_weighted_m": 1.5532170534133911,
  "mean_transfer_per_displaced_gbp": 12795.836104677386
}