reform,family,gross_cost_bn,poverty_change_bhc_pp,poverty_change_ahc_pp,gini_change_pp,cost_per_pp_bhc_bn,cost_per_pp_ahc_bn,implementation,poverty_rule_agreement_bhc,poverty_rule_agreement_ahc,displaced_weighted_m,mean_transfer_per_displaced_gbp
R1_wage_insurance,exposure,20.636636771513015,-1.4097580958713523,-1.4901280008569606,-0.9220382679772321,14.638424018950422,13.848902080656863,"post-simulation transfer, non-taxable, means-test disregarded",1.0,1.0,1.5572571754455566,13251.913534518595
R2_uc_circuit_breaker,exposure,5.719113728,-0.7050521860140768,-0.5789915386246264,-0.3002793179179952,8.111617609942158,9.87771555623343,PolicyEngine parameter reform on shocked sim,,,,
R3_cap_suspension_taper_cut,exposure,4.569759744,-0.45931203680719956,-0.5099344000189382,-0.21747118232828822,9.949139969780932,8.961465913714168,PolicyEngine parameter reform on shocked sim,,,,
R1_wage_insurance,junior,20.376763264771913,-1.5679483404369532,-1.7722368107269293,-0.9241862114944599,12.995812897185981,11.49776550257629,"post-simulation transfer, non-taxable, means-test disregarded",1.0,1.0,1.5430988073349,13205.093494354727
R1_wage_insurance,uniform,19.874710166998696,-1.5404749470240897,-1.775989469838779,-0.916916801017198,12.901676983058328,11.190781535885392,"post-simulation transfer, non-taxable, means-test disregarded",1.0,1.0,1.5532170534133911,12795.836104677386
