reform,family,gross_cost_bn,poverty_change_bhc_pp,poverty_change_ahc_pp,gini_change_pp,cost_per_pp_bhc_bn,cost_per_pp_ahc_bn,implementation,poverty_rule_agreement_bhc,poverty_rule_agreement_ahc,displaced_weighted_m,mean_transfer_per_displaced_gbp
R1_wage_insurance,exposure,21.176081268246598,-1.5477209747131377,-1.616159648015461,-0.9686619912031236,13.6821052465038,13.102716241090075,"post-simulation transfer, non-taxable, means-test disregarded",1.0,1.0,1.607592225074768,13172.545008379206
R2_uc_circuit_breaker,exposure,5.759762432,-0.5550855987087433,-0.5347938086670889,-0.3068256567914207,10.376349963678631,10.770061916676886,PolicyEngine parameter reform on shocked sim,,,,
R3_cap_suspension_taper_cut,exposure,4.683186176,-0.49362237646377316,-0.4738620816115535,-0.22606379288176992,9.487386308435916,9.883015243745591,PolicyEngine parameter reform on shocked sim,,,,
R1_wage_insurance,junior,21.381853357215512,-1.4548190952365814,-1.5243529668228728,-0.9022591043317929,14.697259217468831,14.026838811342076,"post-simulation transfer, non-taxable, means-test disregarded",1.0,1.0,1.6116807460784912,13266.804456909666
R1_wage_insurance,uniform,20.26752250968716,-1.5352179877645895,-1.7408931707726505,-0.9446019605324651,13.201722928740844,11.642025398199445,"post-simulation transfer, non-taxable, means-test disregarded",1.0,1.0,1.6150879859924316,12548.86576439622
