reform,family,gross_cost_bn,poverty_change_bhc_pp,poverty_change_ahc_pp,gini_change_pp,cost_per_pp_bhc_bn,cost_per_pp_ahc_bn,implementation,poverty_rule_agreement_bhc,poverty_rule_agreement_ahc,displaced_weighted_m,mean_transfer_per_displaced_gbp
R1_wage_insurance,exposure,21.176081268246598,-1.5337298050844854,-1.6483440082269012,-0.9743699481773671,13.80691774916646,12.846882181484306,"post-simulation transfer, non-taxable, means-test disregarded",1.0,1.0,1.607592225074768,13172.545008379206
R2_uc_circuit_breaker,exposure,5.820514304,-0.6422086929431775,-0.5587013607575408,-0.3091093595760652,9.063275486548104,10.417934719378504,PolicyEngine parameter reform on shocked sim,,,,
R3_cap_suspension_taper_cut,exposure,4.676059136,-0.4564306986903993,-0.4524831480818836,-0.22755868585613293,10.24483924814139,10.334217209684452,PolicyEngine parameter reform on shocked sim,,,,
R1_wage_insurance,junior,21.381853357215512,-1.4712921788814226,-1.4981599906293885,-0.9047779466445527,14.532703744453713,14.27207607395311,"post-simulation transfer, non-taxable, means-test disregarded",1.0,1.0,1.6116807460784912,13266.804456909666
R1_wage_insurance,uniform,20.26752250968716,-1.5194229611550676,-1.7245682595925793,-0.9485366266599127,13.338960268363827,11.752229809955601,"post-simulation transfer, non-taxable, means-test disregarded",1.0,1.0,1.6150879859924316,12548.86576439622
