reform,family,gross_cost_bn,poverty_change_bhc_pp,poverty_change_ahc_pp,gini_change_pp,cost_per_pp_bhc_bn,cost_per_pp_ahc_bn,implementation,poverty_rule_agreement_bhc,poverty_rule_agreement_ahc,displaced_weighted_m,mean_transfer_per_displaced_gbp
R1_wage_insurance,exposure,20.321043686083854,-1.3534648569381413,-1.418084829774699,-0.8812906325393,15.014090378419485,14.329921073418717,"post-simulation transfer, non-taxable, means-test disregarded",1.0,1.0,1.5438872575759888,13162.258892988368
R2_uc_circuit_breaker,exposure,5.733367808,-0.6945479379172642,-0.5706406449032475,-0.3009945061441255,8.254819422821422,10.047247526457033,PolicyEngine parameter reform on shocked sim,,,,
R3_cap_suspension_taper_cut,exposure,4.607393792,-0.4676967532334597,-0.489525040632538,-0.22061747488874017,9.85124177182417,9.411967539079457,PolicyEngine parameter reform on shocked sim,,,,
R1_wage_insurance,junior,20.328103511485565,-1.5696378462480869,-1.6752633661963612,-0.9103997897980887,12.950824013370939,12.134273286020669,"post-simulation transfer, non-taxable, means-test disregarded",1.0,1.0,1.5429996252059937,13174.405996038764
R1_wage_insurance,uniform,19.874710166998696,-1.5404749470240897,-1.775989469838779,-0.916917225239211,12.901676983058328,11.190781535885392,"post-simulation transfer, non-taxable, means-test disregarded",1.0,1.0,1.5532170534133911,12795.836104677386
