{
  "exchequer_cost_bn": {
    "mean": 18.027141529599998,
    "sd": 1.533343546864829,
    "min": 15.775727616,
    "max": 21.136408576
  },
  "poverty_change_bhc_pp": {
    "mean": 1.7992072160343997,
    "sd": 0.11276105971595185,
    "min": 1.5472861229281154,
    "max": 2.006232565145702
  },
  "gini_change_pp": {
    "mean": 1.0360859754542127,
    "sd": 0.09447667273090223,
    "min": 0.8644984411413925,
    "max": 1.2042470619523349
  }
}