{
  "exchequer_cost_bn": {
    "mean": 17.720537088000004,
    "sd": 1.6463311870424184,
    "min": 15.017148416,
    "max": 20.812169216
  },
  "poverty_change_bhc_pp": {
    "mean": 1.850692368732671,
    "sd": 0.1532202115676679,
    "min": 1.6427134021098215,
    "max": 2.237788261318155
  },
  "gini_change_pp": {
    "mean": 1.0879471251852897,
    "sd": 0.10994964501814404,
    "min": 0.8855356883838983,
    "max": 1.3047082577171245
  },
  "relative_poverty_change_bhc_pp": {
    "mean": 0.6858630964053931,
    "sd": 0.2031632447915176,
    "min": 0.335321012175388,
    "max": 1.1255072079513595
  },
  "baseline_relative_poverty_bhc_rate": 0.1729447214966578
}