{
  "exchequer_cost_bn": {
    "mean": 18.603496243200002,
    "sd": 1.6601376317565515,
    "min": 15.583690752,
    "max": 21.566193664
  },
  "poverty_change_bhc_pp": {
    "mean": 1.9908412140775429,
    "sd": 0.23468447231283654,
    "min": 1.610227850916568,
    "max": 2.3967096974937347
  },
  "gini_change_pp": {
    "mean": 1.1546659743060501,
    "sd": 0.10692110974831506,
    "min": 0.9311728015731213,
    "max": 1.3354616287687193
  }
}