{
  "exchequer_cost_bn": {
    "mean": 17.6826368,
    "sd": 1.2804567372911881,
    "min": 15.171321856,
    "max": 20.327923712
  },
  "poverty_change_bhc_pp": {
    "mean": 1.865101405144431,
    "sd": 0.16492705843350394,
    "min": 1.5014810306185344,
    "max": 2.199430521335727
  },
  "gini_change_pp": {
    "mean": 1.1077605217044846,
    "sd": 0.10172480992734878,
    "min": 0.96631443696652,
    "max": 1.3228159040155063
  },
  "relative_poverty_change_bhc_pp": {
    "mean": 0.6980093384685191,
    "sd": 0.1850988230746391,
    "min": 0.2796075864633762,
    "max": 1.065177839524195
  },
  "baseline_relative_poverty_bhc_rate": 0.1729447214966578
}