{
  "exchequer_cost_bn": {
    "mean": 18.194867814400002,
    "sd": 1.5426765968866796,
    "min": 15.820619776,
    "max": 21.278621696
  },
  "poverty_change_bhc_pp": {
    "mean": 1.7524702351708457,
    "sd": 0.10981735887964564,
    "min": 1.5063482222470808,
    "max": 1.9282286128738224
  },
  "gini_change_pp": {
    "mean": 1.0266363396218918,
    "sd": 0.09345254830175678,
    "min": 0.8557414964645127,
    "max": 1.189558007163627
  },
  "relative_poverty_change_bhc_pp": {
    "mean": 0.8450771114747135,
    "sd": 0.10585389816319409,
    "min": 0.5989902096415534,
    "max": 1.0693653766246147
  },
  "baseline_relative_poverty_bhc_rate": 0.17403130403426614
}