seed,r1_cost_bn,r1_pov_bhc_pp,r2_cost_bn,r2_pov_bhc_pp,r1_cost_per_pp_bn,r2_cost_per_pp_bn
0,10.318318385756507,-0.32629204600769235,5.387862016,-0.6283656956820649,31.622954074440578,8.57440508452916
1,10.681568599799865,-0.3522837015981328,5.38230784,-0.6517208185726403,30.320927568726557,8.258609647898016
2,10.597539625179746,-0.36372208643077886,5.403394048,-0.6204238906010628,29.13636542991897,8.70919725990117
3,10.51488956228469,-0.42200601369790647,5.379719168,-0.6219926033503131,24.91644483960313,8.649169039989504
4,10.680317672455594,-0.3155027240076991,5.364482048,-0.6582275904244206,33.851744722796646,8.14988937874971
