{
  "n_draws": 20,
  "half_earnings_retention": {
    "description": "Central scenario; displaced workers keep 50% of baseline annual earnings, in-model, while carrying full-year unemployed status/hours (documented 50%-earnings-retention hybrid, NOT a six-month unemployment spell).",
    "results": {
      "exchequer_cost_bn": {
        "mean": 4.0352464896,
        "sd": 0.7456989106242076,
        "min": 2.583478272,
        "max": 5.714968576
      },
      "poverty_change_bhc_pp": {
        "mean": 0.16886755198188355,
        "sd": 0.10036970369850085,
        "min": 0.0244229427439568,
        "max": 0.4594247720103805
      },
      "gini_change_pp": {
        "mean": 0.14879101508342757,
        "sd": 0.04654098776969457,
        "min": 0.0685817964492296,
        "max": 0.2247505389412207
      },
      "uc_change_bn": {
        "mean": 0.19528351874929617,
        "sd": 0.07971794527071063,
        "min": 0.0144836604778646,
        "max": 0.356966262236547
      }
    },
    "convex_combination_comparator_0.5x_full_year": {
      "exchequer_cost_bn": {
        "mean": 8.8413184,
        "sd": 0.6402283686455941
      },
      "poverty_change_bhc_pp": {
        "mean": 0.9325507025722155,
        "sd": 0.08246352921675197
      },
      "gini_change_pp": {
        "mean": 0.5538802608522423,
        "sd": 0.05086240496367439
      }
    }
  },
  "takeup_70": {
    "description": "Central scenario under Bernoulli(0.70) UC take-up (would_claim_uc set identically in baseline and shocked simulations, redrawn per seed).",
    "dataset_baseline_would_claim_uc_person_weighted_mean": 0.5477457313882192,
    "results": {
      "exchequer_cost_bn": {
        "mean": 18.5172205568,
        "sd": 1.3643008529371283,
        "min": 16.071491584,
        "max": 21.775384576
      },
      "poverty_change_bhc_pp": {
        "mean": 1.7597616058481425,
        "sd": 0.12860584178361997,
        "min": 1.4984917733066787,
        "max": 2.0166449997501443
      },
      "gini_change_pp": {
        "mean": 1.0236276199434142,
        "sd": 0.10403653429254503,
        "min": 0.8837788121855428,
        "max": 1.257876652450629
      },
      "uc_change_bn": {
        "mean": 3.7422437281700525,
        "sd": 0.2435495896615786,
        "min": 3.2918127056614637,
        "max": 4.219907042548414
      }
    }
  }
}