seed,r1_cost_bn,r1_pov_bhc_pp,r2_cost_bn,r2_pov_bhc_pp,r1_cost_per_pp_bn,r2_cost_per_pp_bn
0,10.588040634123299,-0.3654212576567478,5.33635072,-0.48953631661764196,28.974889698587248,10.90082704562248
1,10.710037066072106,-0.39551830003377864,5.300338688,-0.44395348295660775,27.07848679860687,11.938950569102886
2,10.588395180374967,-0.30948557091405315,5.318950912,-0.4899599016058187,34.21288801640273,10.855890236256903
3,10.669581426346625,-0.25920465278029825,5.266587648,-0.4687855132227886,41.16276969530388,11.234535836641934
4,10.858612476989872,-0.31072894360739955,5.30644992,-0.5188022931653297,34.94560999347886,10.2282699785773
