{
  "description": "Central scenario, seed 0; enhanced FRS 2023-24 with geo_impact.py's SOC imputation (route B). Decomposes the geography-section (+enhanced, 2025) vs main (+plain, 2026) BHC poverty-change gap.",
  "enhanced_dataset_path": "/private/var/folders/vj/qc1d1nbd409ct142dvm7qp700000gn/T/uk-ai-rebuild-o820y5vl/worktree/data/enhanced_frs_2023_24.h5",
  "cells": {
    "enhanced_2026": {
      "poverty_change_bhc_pp": 2.947655506864892,
      "baseline_poverty_bhc_pct": 9.429371637563193,
      "exchequer_cost_bn": 29.432348672,
      "displaced_weighted_m": 2.971003532409668
    },
    "enhanced_2025": {
      "poverty_change_bhc_pp": 2.948810372742973,
      "baseline_poverty_bhc_pct": 10.10425581009954,
      "exchequer_cost_bn": 29.126393856,
      "displaced_weighted_m": 2.9862473011016846
    },
    "plain_2025": {
      "poverty_change_bhc_pp": 1.907548667877354,
      "exchequer_cost_bn": 17.212997632,
      "displaced_weighted_m": 1.551361875
    },
    "plain_2026": {
      "poverty_change_bhc_pp": 1.8069433542672653,
      "exchequer_cost_bn": 18.209980416,
      "displaced_weighted_m": 1.557257125,
      "source": "results/central.json (main analysis, seed 0)"
    }
  },
  "decomposition_bhc_poverty_pp": {
    "total_gap_enhanced2025_minus_plain2026": 1.1418670184757076,
    "dataset_component_at_2026": 1.1407121525976267,
    "period_component_on_enhanced": 0.0011548658780808907,
    "period_component_on_plain": 0.10060531361008884,
    "interaction": -0.09945044773200795,
    "note": "single seed-0 run per cell; imputation noise not separately varied (imputation seed fixed at 0)."
  }
}