{
  "c_aioe": {
    "exchequer_cost_bn": 18.422136832,
    "poverty_change_bhc_pp": 1.8701170103055387,
    "gini_change_pp": 1.0979179778287884,
    "transition_share_decile1_pct": 0.5258610844612122,
    "transition_share_decile10_pct": 4.667875289916992
  },
  "dsit_aioe": {
    "exchequer_cost_bn": 18.586402816,
    "poverty_change_bhc_pp": 1.8586351352141095,
    "gini_change_pp": 1.049192792544107,
    "transition_share_decile1_pct": 0.4305896759033203,
    "transition_share_decile10_pct": 4.856374740600586
  },
  "eloundou_beta": {
    "exchequer_cost_bn": 18.395136,
    "poverty_change_bhc_pp": 1.9026750265141974,
    "gini_change_pp": 1.0948412784370198,
    "transition_share_decile1_pct": 0.4733119606971741,
    "transition_share_decile10_pct": 4.742760181427002
  }
}