{
  "exposure": {
    "exchequer_cost_bn": {
      "mean": 17.6826368,
      "sd": 1.2804567372911881,
      "min": 15.171321856,
      "max": 20.327923712
    },
    "poverty_change_bhc_pp": {
      "mean": 1.865101405144431,
      "sd": 0.16492705843350394,
      "min": 1.5014810306185344,
      "max": 2.199430521335727
    },
    "gini_change_pp": {
      "mean": 1.1077605217044846,
      "sd": 0.10172480992734878,
      "min": 0.96631443696652,
      "max": 1.3228159040155063
    }
  },
  "junior": {
    "exchequer_cost_bn": {
      "mean": 17.768384102400002,
      "sd": 1.6868435745573709,
      "min": 13.55726848,
      "max": 20.038582272
    },
    "poverty_change_bhc_pp": {
      "mean": 1.869998636363561,
      "sd": 0.1552712140264977,
      "min": 1.6545818222818285,
      "max": 2.264540103110166
    },
    "gini_change_pp": {
      "mean": 1.0606182006677056,
      "sd": 0.06623796616881426,
      "min": 0.9017858038827598,
      "max": 1.1735985939562044
    }
  },
  "compression": {
    "exchequer_cost_bn": {
      "mean": 20.690014208,
      "sd": 2.022670151918649,
      "min": 16.827580416,
      "max": 24.520032256
    },
    "poverty_change_bhc_pp": {
      "mean": 1.9859637198479558,
      "sd": 0.12443740987151097,
      "min": 1.766966970065259,
      "max": 2.2309190973977073
    },
    "gini_change_pp": {
      "mean": 1.0449676629514628,
      "sd": 0.09012313746827014,
      "min": 0.845948730903745,
      "max": 1.2002185040327906
    }
  },
  "uniform": {
    "exchequer_cost_bn": {
      "mean": 14.299421081599998,
      "sd": 1.7286109656764064,
      "min": 10.548772864,
      "max": 17.369104384
    },
    "poverty_change_bhc_pp": {
      "mean": 1.8659807056743631,
      "sd": 0.13106730301689284,
      "min": 1.7030975370725647,
      "max": 2.1866553382400316
    },
    "gini_change_pp": {
      "mean": 1.159805529398539,
      "sd": 0.07498655993646344,
      "min": 1.0080965530160355,
      "max": 1.2966407544604652
    }
  },
  "klein_top_loaded": {
    "exchequer_cost_bn": {
      "mean": 32.62843166719999,
      "sd": 1.858551832882838,
      "min": 28.588490752,
      "max": 35.722862592
    },
    "poverty_change_bhc_pp": {
      "mean": 2.247644812548043,
      "sd": 0.12739818356064603,
      "min": 1.969445138468076,
      "max": 2.4541963919428116
    },
    "gini_change_pp": {
      "mean": 0.9864282884058119,
      "sd": 0.08786807745861647,
      "min": 0.8047820211183665,
      "max": 1.1342139860930578
    }
  }
}