{
  "exposure": {
    "exchequer_cost_bn": {
      "mean": 18.194867814400002,
      "sd": 1.5426765968866796,
      "min": 15.820619776,
      "max": 21.278621696
    },
    "poverty_change_bhc_pp": {
      "mean": 1.7524702351708457,
      "sd": 0.10981735887964564,
      "min": 1.5063482222470808,
      "max": 1.9282286128738224
    },
    "gini_change_pp": {
      "mean": 1.0266363396218918,
      "sd": 0.09345254830175678,
      "min": 0.8557414964645127,
      "max": 1.189558007163627
    }
  },
  "junior": {
    "exchequer_cost_bn": {
      "mean": 18.312074854400002,
      "sd": 1.275898622169671,
      "min": 14.85488128,
      "max": 19.967197184
    },
    "poverty_change_bhc_pp": {
      "mean": 1.7698082846698262,
      "sd": 0.15251412780259452,
      "min": 1.5088897272660051,
      "max": 2.124620354020909
    },
    "gini_change_pp": {
      "mean": 1.0192943288108043,
      "sd": 0.07697525017495196,
      "min": 0.9036233220233948,
      "max": 1.1623373369557322
    }
  },
  "compression": {
    "exchequer_cost_bn": {
      "mean": 22.1050503168,
      "sd": 1.7771959362306655,
      "min": 18.044747776,
      "max": 25.636913152
    },
    "poverty_change_bhc_pp": {
      "mean": 1.9280705242106948,
      "sd": 0.1628330028216262,
      "min": 1.6165010911974589,
      "max": 2.1580207159332234
    },
    "gini_change_pp": {
      "mean": 1.016839649916154,
      "sd": 0.12064851308521646,
      "min": 0.7353736236465513,
      "max": 1.2528698162807328
    }
  },
  "uniform": {
    "exchequer_cost_bn": {
      "mean": 14.918886195200002,
      "sd": 1.861012846365736,
      "min": 12.582191104,
      "max": 19.608174592
    },
    "poverty_change_bhc_pp": {
      "mean": 1.8364456776120246,
      "sd": 0.13192623442423798,
      "min": 1.6193582810180105,
      "max": 2.1618168700195173
    },
    "gini_change_pp": {
      "mean": 1.1324035001190769,
      "sd": 0.08988012560503834,
      "min": 0.9474830750493268,
      "max": 1.325262293812901
    }
  },
  "measured": {
    "exchequer_cost_bn": {
      "mean": 32.589185843200006,
      "sd": 1.9846315881737946,
      "min": 28.314779648,
      "max": 36.648435712
    },
    "poverty_change_bhc_pp": {
      "mean": 2.1524488919021936,
      "sd": 0.13976806351587287,
      "min": 1.9395735791859576,
      "max": 2.3686452399113547
    },
    "gini_change_pp": {
      "mean": 0.9306925276789098,
      "sd": 0.13364726760316473,
      "min": 0.7015631510171705,
      "max": 1.186322330456513
    }
  }
}