{
  "exposure": {
    "exchequer_cost_bn": {
      "mean": 17.720537088000004,
      "sd": 1.6463311870424184,
      "min": 15.017148416,
      "max": 20.812169216
    },
    "poverty_change_bhc_pp": {
      "mean": 1.850692368732671,
      "sd": 0.1532202115676679,
      "min": 1.6427134021098215,
      "max": 2.237788261318155
    },
    "gini_change_pp": {
      "mean": 1.0879471251852897,
      "sd": 0.10994964501814404,
      "min": 0.8855356883838983,
      "max": 1.3047082577171245
    }
  },
  "junior": {
    "exchequer_cost_bn": {
      "mean": 17.5256395776,
      "sd": 1.525506644066024,
      "min": 14.96539136,
      "max": 19.830243328
    },
    "poverty_change_bhc_pp": {
      "mean": 1.859313841460592,
      "sd": 0.14380262387147824,
      "min": 1.6369700545668249,
      "max": 2.2380813835514797
    },
    "gini_change_pp": {
      "mean": 1.0695536535291832,
      "sd": 0.08123558308080568,
      "min": 0.927611726918942,
      "max": 1.2696267605745937
    }
  },
  "compression": {
    "exchequer_cost_bn": {
      "mean": 21.2734722048,
      "sd": 1.7886261309352474,
      "min": 17.200775168,
      "max": 24.845778944
    },
    "poverty_change_bhc_pp": {
      "mean": 1.9836121019582973,
      "sd": 0.1503734218204421,
      "min": 1.6825029534030922,
      "max": 2.202729001381784
    },
    "gini_change_pp": {
      "mean": 1.0519719415842705,
      "sd": 0.1189594571466092,
      "min": 0.7753488217066673,
      "max": 1.2874707650625372
    }
  },
  "uniform": {
    "exchequer_cost_bn": {
      "mean": 14.2994702336,
      "sd": 1.7286012241879416,
      "min": 10.5488384,
      "max": 17.369137152
    },
    "poverty_change_bhc_pp": {
      "mean": 1.8659807056743631,
      "sd": 0.13106730301689284,
      "min": 1.7030975370725647,
      "max": 2.1866553382400316
    },
    "gini_change_pp": {
      "mean": 1.1598049445248952,
      "sd": 0.07498619485692516,
      "min": 1.0080971259483595,
      "max": 1.2966390165472852
    }
  },
  "klein_top_loaded": {
    "exchequer_cost_bn": {
      "mean": 33.289576448,
      "sd": 1.4791129925941113,
      "min": 30.808604672,
      "max": 35.204431872
    },
    "poverty_change_bhc_pp": {
      "mean": 2.238761136607867,
      "sd": 0.1730697639677349,
      "min": 1.8860698784894132,
      "max": 2.5355761315850573
    },
    "gini_change_pp": {
      "mean": 0.9644259983221499,
      "sd": 0.13926504453048966,
      "min": 0.7340607602559834,
      "max": 1.281671911255955
    }
  }
}