{
  "exposure": {
    "exchequer_cost_bn": {
      "mean": 18.194867814400002,
      "sd": 1.5426765968866796,
      "min": 15.820619776,
      "max": 21.278621696
    },
    "poverty_change_bhc_pp": {
      "mean": 1.7524702351708457,
      "sd": 0.10981735887964562,
      "min": 1.5063482222470808,
      "max": 1.9282286128738224
    },
    "gini_change_pp": {
      "mean": 1.0266363396218918,
      "sd": 0.0934525483017568,
      "min": 0.8557414964645127,
      "max": 1.189558007163627
    }
  },
  "junior": {
    "exchequer_cost_bn": {
      "mean": 18.312074854400002,
      "sd": 1.2758986221696713,
      "min": 14.85488128,
      "max": 19.967197184
    },
    "poverty_change_bhc_pp": {
      "mean": 1.7698082846698262,
      "sd": 0.15251412780259452,
      "min": 1.5088897272660051,
      "max": 2.124620354020909
    },
    "gini_change_pp": {
      "mean": 1.0192943288108043,
      "sd": 0.07697525017495196,
      "min": 0.9036233220233948,
      "max": 1.1623373369557322
    }
  },
  "compression": {
    "exchequer_cost_bn": {
      "mean": 22.1050503168,
      "sd": 1.7771959362306655,
      "min": 18.044747776,
      "max": 25.636913152
    },
    "poverty_change_bhc_pp": {
      "mean": 1.9280705242106948,
      "sd": 0.1628330028216262,
      "min": 1.6165010911974589,
      "max": 2.1580207159332234
    },
    "gini_change_pp": {
      "mean": 1.016839649916154,
      "sd": 0.12064851308521647,
      "min": 0.7353736236465513,
      "max": 1.2528698162807328
    }
  },
  "uniform": {
    "exchequer_cost_bn": {
      "mean": 14.918886195200002,
      "sd": 1.8610128463657358,
      "min": 12.582191104,
      "max": 19.608174592
    },
    "poverty_change_bhc_pp": {
      "mean": 1.8364456776120246,
      "sd": 0.13192623442423798,
      "min": 1.6193582810180105,
      "max": 2.1618168700195173
    },
    "gini_change_pp": {
      "mean": 1.1324035001190769,
      "sd": 0.08988012560503834,
      "min": 0.9474830750493268,
      "max": 1.325262293812901
    }
  },
  "klein_top_loaded": {
    "exchequer_cost_bn": {
      "mean": 33.289576448,
      "sd": 1.4791129925941113,
      "min": 30.808604672,
      "max": 35.204431872
    },
    "poverty_change_bhc_pp": {
      "mean": 2.238761136607867,
      "sd": 0.1730697639677349,
      "min": 1.8860698784894132,
      "max": 2.5355761315850573
    },
    "gini_change_pp": {
      "mean": 0.9644259983221499,
      "sd": 0.13926504453048966,
      "min": 0.7340607602559834,
      "max": 1.281671911255955
    }
  }
}