{
  "description": "Measured family (Klein Teeselink) with alternative high/low wage-tier displacement multipliers; junior 5.8/4.5 and London 1.5 tilts and central aggregate shock held fixed; 20 draws (seeds 0-19).",
  "n_draws": 20,
  "3_0.8": {
    "exchequer_cost_bn": {
      "mean": 28.035711795199994,
      "sd": 1.7116524132837112,
      "min": 24.765825024,
      "max": 31.653249024
    },
    "poverty_change_bhc_pp": {
      "mean": 2.0715715753579986,
      "sd": 0.18411964842010956,
      "min": 1.743547419794092,
      "max": 2.3164702722296564
    },
    "gini_change_pp": {
      "mean": 0.987299611805016,
      "sd": 0.13144724461909313,
      "min": 0.7184454215529268,
      "max": 1.1751739253978877
    },
    "displaced_weighted_m": {
      "mean": 1.6119918942451477,
      "sd": 0.0007811547976569902,
      "min": 1.6106959581375122,
      "max": 1.6134904623031616
    }
  },
  "6_0.7": {
    "exchequer_cost_bn": {
      "mean": 32.42506649599999,
      "sd": 1.636587162597561,
      "min": 30.125604864,
      "max": 35.372302336
    },
    "poverty_change_bhc_pp": {
      "mean": 2.150946376573546,
      "sd": 0.14206320597074085,
      "min": 1.8764353549643813,
      "max": 2.500099727337288
    },
    "gini_change_pp": {
      "mean": 0.8840742872162954,
      "sd": 0.08137858284450235,
      "min": 0.7198232925521908,
      "max": 1.02480560754441
    },
    "displaced_weighted_m": {
      "mean": 1.6117695808410644,
      "sd": 0.0008110433038177189,
      "min": 1.6102237701416016,
      "max": 1.6136280298233032
    }
  },
  "9.6_0.6": {
    "exchequer_cost_bn": {
      "mean": 33.289576448,
      "sd": 1.4791129925941113,
      "min": 30.808604672,
      "max": 35.204431872
    },
    "poverty_change_bhc_pp": {
      "mean": 2.238761136607867,
      "sd": 0.1730697639677349,
      "min": 1.8860698784894132,
      "max": 2.5355761315850573
    },
    "gini_change_pp": {
      "mean": 0.9644259983221499,
      "sd": 0.13926504453048966,
      "min": 0.7340607602559834,
      "max": 1.281671911255955
    },
    "displaced_weighted_m": {
      "mean": 1.6124327540397645,
      "sd": 0.001552293085725387,
      "min": 1.6099529266357422,
      "max": 1.6164042949676514
    }
  }
}