{
  "description": "Measured family (Klein Teeselink) with alternative high/low wage-tier displacement multipliers; junior 5.8/4.5 and London 1.5 tilts and central aggregate shock held fixed; 20 draws (seeds 0-19).",
  "n_draws": 20,
  "3_0.8": {
    "exchequer_cost_bn": {
      "mean": 27.89779456,
      "sd": 1.5861112173330967,
      "min": 25.082134528,
      "max": 31.454920704
    },
    "poverty_change_bhc_pp": {
      "mean": 2.0976187922634213,
      "sd": 0.13169282308811162,
      "min": 1.833034854081533,
      "max": 2.387542253493788
    },
    "gini_change_pp": {
      "mean": 0.9739616462897341,
      "sd": 0.08570136574807476,
      "min": 0.8106509615833923,
      "max": 1.096889902384368
    },
    "displaced_weighted_m": {
      "mean": 1.6096371948719024,
      "sd": 0.035833817171527366,
      "min": 1.549506664276123,
      "max": 1.6606903076171875
    }
  },
  "6_0.7": {
    "exchequer_cost_bn": {
      "mean": 31.7285597184,
      "sd": 1.9420836760088356,
      "min": 29.304487936,
      "max": 37.137727488
    },
    "poverty_change_bhc_pp": {
      "mean": 2.2074046980794244,
      "sd": 0.1844902111603391,
      "min": 1.8955030875369068,
      "max": 2.5697656879027697
    },
    "gini_change_pp": {
      "mean": 0.9534808744709815,
      "sd": 0.13171089042404266,
      "min": 0.6471109564442967,
      "max": 1.1610869359830025
    },
    "displaced_weighted_m": {
      "mean": 1.6290346801280975,
      "sd": 0.038188711275196525,
      "min": 1.552027940750122,
      "max": 1.6755777597427368
    }
  },
  "9.6_0.6": {
    "exchequer_cost_bn": {
      "mean": 32.62843166719999,
      "sd": 1.858551832882838,
      "min": 28.588490752,
      "max": 35.722862592
    },
    "poverty_change_bhc_pp": {
      "mean": 2.247644812548043,
      "sd": 0.12739818356064603,
      "min": 1.969445138468076,
      "max": 2.4541963919428116
    },
    "gini_change_pp": {
      "mean": 0.9864282884058119,
      "sd": 0.08786807745861647,
      "min": 0.8047820211183665,
      "max": 1.1342139860930578
    },
    "displaced_weighted_m": {
      "mean": 1.6066453635692597,
      "sd": 0.03419746556974359,
      "min": 1.539170742034912,
      "max": 1.648912787437439
    }
  }
}