{
  "description": "Measured family (Klein Teeselink) with alternative high/low wage-tier displacement multipliers; junior 5.8/4.5 and London 1.5 tilts and central aggregate shock held fixed; 20 draws (seeds 0-19).",
  "n_draws": 20,
  "3_0.8": {
    "exchequer_cost_bn": {
      "mean": 28.383331123199998,
      "sd": 1.979581507743524,
      "min": 24.046043136,
      "max": 32.10657792
    },
    "poverty_change_bhc_pp": {
      "mean": 2.135563256173824,
      "sd": 0.13872978005368689,
      "min": 1.7951876754725593,
      "max": 2.4123098559418437
    },
    "gini_change_pp": {
      "mean": 0.9909464123494715,
      "sd": 0.12946860518356096,
      "min": 0.7149378820787589,
      "max": 1.1842779238379286
    },
    "displaced_weighted_m": {
      "mean": 1.6117976605892181,
      "sd": 0.0007971837162542338,
      "min": 1.6105170249938965,
      "max": 1.6136502027511597
    }
  },
  "6_0.7": {
    "exchequer_cost_bn": {
      "mean": 31.3061146624,
      "sd": 1.7998805478371287,
      "min": 27.027472384,
      "max": 34.47373824
    },
    "poverty_change_bhc_pp": {
      "mean": 2.0998819902488033,
      "sd": 0.13583179820467292,
      "min": 1.8506611248532256,
      "max": 2.3950121517628737
    },
    "gini_change_pp": {
      "mean": 0.9402143140364639,
      "sd": 0.1347685806779671,
      "min": 0.6960528917368758,
      "max": 1.2736982878143066
    },
    "displaced_weighted_m": {
      "mean": 1.6115525901317596,
      "sd": 0.0008731311644463231,
      "min": 1.6096677780151367,
      "max": 1.6126331090927124
    }
  },
  "9.6_0.6": {
    "exchequer_cost_bn": {
      "mean": 32.589185843200006,
      "sd": 1.9846315881737946,
      "min": 28.314779648,
      "max": 36.648435712
    },
    "poverty_change_bhc_pp": {
      "mean": 2.1524488919021936,
      "sd": 0.13976806351587287,
      "min": 1.9395735791859576,
      "max": 2.3686452399113547
    },
    "gini_change_pp": {
      "mean": 0.9306925276789098,
      "sd": 0.13364726760316473,
      "min": 0.7015631510171705,
      "max": 1.186322330456513
    },
    "displaced_weighted_m": {
      "mean": 1.6122572660446166,
      "sd": 0.000986419885017498,
      "min": 1.6101267337799072,
      "max": 1.6143529415130615
    }
  }
}