scenario,displaced_weighted_m,net_employment_income_change_pct,exchequer_cost_bn,poverty_change_bhc_pp,poverty_change_ahc_pp,gini_change_pp,lambda_displacement_share,gross_earnings_loss_pct,gross_displacement_loss_pct,gross_wage_cut_loss_pct
mixed_lambda_0,0.0,-5.114946609927976,26.611761152,0.10391829504449723,0.26522019797750873,-0.43665382812054787,0.0,7.773605792581166,0.0,7.773605792581166
mixed_lambda_0.25,0.42099583682250974,-5.168758517459564,24.450023424,0.6076921988336814,0.69735518829461,-0.027772316722762813,0.25,7.77360579258117,2.010159253600815,5.7634465389803555
mixed_lambda_0.5,0.7678965120849609,-5.212999580225504,22.654877696,1.0194758160792765,1.1090486108826791,0.28515367991206464,0.5,7.77360579258117,3.6554171441359977,4.118188648445172
mixed_lambda_0.75,1.146066243499756,-5.264281594843155,20.585054208,1.3852997244220648,1.4134415098929543,0.619296335547137,0.75,7.773605792581168,5.54820639320185,2.225399399379316
mixed_lambda_1,1.557257138671875,-5.3242146037627105,18.209980416,1.8069433542672653,1.8530931099270758,1.0383741096702703,1.0,7.773605792581168,7.773605792581169,-1.5201769218093818e-15
