scenario,displaced_weighted_m,net_employment_income_change_pct,exchequer_cost_bn,poverty_change_bhc_pp,poverty_change_ahc_pp,gini_change_pp,lambda_displacement_share
mixed_lambda_0,0.0,-4.341349855872814,22.39971328,0.05960138244950064,0.15516234178323263,-0.3723115723534898,0.0
mixed_lambda_0.25,0.40253548736572264,-4.433679846755716,20.543586304,0.4468573643901269,0.6104189181695779,-0.025128051455269862,0.25
mixed_lambda_0.5,0.8060607727355957,-4.81855803492529,20.536754176,0.923711917988268,1.0304825616139461,0.35385646809711346,0.5
mixed_lambda_0.75,1.2138091178588868,-5.067971575449823,19.336855552,1.426055621134109,1.4068026613129891,0.7259608348683888,0.75
mixed_lambda_1,1.6075921416931152,-5.315089858373583,18.422136832,1.8701170103055387,1.8826103307211044,1.0979179778287884,1.0
