scenario,displaced_weighted_m,net_employment_income_change_pct,exchequer_cost_bn,poverty_change_bhc_pp,poverty_change_ahc_pp,gini_change_pp,lambda_displacement_share,gross_earnings_loss_pct,gross_displacement_loss_pct,gross_wage_cut_loss_pct
mixed_lambda_0,0.0,-5.106713783548971,26.566918144,0.10391829504449723,0.26522019797750873,-0.4360031727450031,0.0,7.765363927676158,0.0,7.765363927676158
mixed_lambda_0.25,0.40253548736572264,-5.154844081413054,24.565465088,0.49447920120824773,0.6375605305094512,-0.08604519416798295,0.25,7.765363927676154,1.7941996930188169,5.971164234657337
mixed_lambda_0.5,0.8060607727355957,-5.210651404663275,22.73468416,0.9630553372818956,1.061360735676159,0.3203751948426148,0.5,7.765363927676158,3.8732705579381705,3.892093369737987
mixed_lambda_0.75,1.2138091178588868,-5.262972364519495,20.418461696,1.4355516418387226,1.4294442939417036,0.7087535585448834,0.75,7.765363927676158,5.820363138606489,1.9450007890696681
mixed_lambda_1,1.6075921416931152,-5.315089858373583,18.422136832,1.8701170103055387,1.8826103307211044,1.0979179778287884,1.0,7.765363927676159,7.765363927676159,0.0
