scenario,displaced_weighted_m,net_employment_income_change_pct,exchequer_cost_bn,poverty_change_bhc_pp,poverty_change_ahc_pp,gini_change_pp,lambda_displacement_share,gross_earnings_loss_pct,gross_displacement_loss_pct,gross_wage_cut_loss_pct
mixed_lambda_0,0.0,-4.871182659971229,25.283313664,0.08189512801083931,0.18033098556243798,-0.4164133097212974,0.0,7.529832804098417,0.0,7.529832804098417
mixed_lambda_0.25,0.40277004806518557,-4.922457738140938,23.180623872,0.5223552492449768,0.6394288178364321,-0.015298741615854539,0.25,7.52983280409842,1.906599997484404,5.623232806614016
mixed_lambda_0.5,0.768528405883789,-4.969886723690382,21.21924608,0.9479995769132749,1.0847432429769766,0.31659162038462085,0.5,7.529832804098419,3.6651756880184427,3.8646571160799756
mixed_lambda_0.75,1.132897611114502,-5.020416706961413,19.372408832,1.3926681569100319,1.5078879374392145,0.6604239882927021,0.75,7.529832804098419,5.535490353326802,1.9943424507716172
mixed_lambda_1,1.5438873111572267,-5.073904711990672,17.026793472,1.6849075614075808,1.7989548327309675,0.9825311312263496,1.0,7.529832804098419,7.529832804098419,0.0
