{
  "R1_wage_insurance_exposure": {
    "exchequer_cost_bn": {
      "mean": 21.321791974019455,
      "sd": 0.502672474852047,
      "min": 20.321043686083858,
      "max": 22.04912981436024
    },
    "poverty_change_bhc_pp": {
      "mean": -1.4995316514990182,
      "sd": 0.10586661494216829,
      "min": -1.7203002097299969,
      "max": -1.353015505353644
    },
    "gini_change_pp": {
      "mean": -0.9534611003432942,
      "sd": 0.03915277504526829,
      "min": -1.0359112437996032,
      "max": -0.8812906325393
    }
  },
  "R1_wage_insurance_junior": {
    "exchequer_cost_bn": {
      "mean": 21.4052388911073,
      "sd": 0.6698599535960934,
      "min": 19.9303228208936,
      "max": 22.34881796253284
    },
    "poverty_change_bhc_pp": {
      "mean": -1.5263145055996483,
      "sd": 0.0980695483910989,
      "min": -1.709979563581132,
      "max": -1.3036413493657335
    },
    "gini_change_pp": {
      "mean": -0.9451371868795622,
      "sd": 0.038725398312201405,
      "min": -1.018518800180945,
      "max": -0.8924060772334985
    }
  },
  "R1_wage_insurance_uniform": {
    "exchequer_cost_bn": {
      "mean": 20.63168006040006,
      "sd": 0.4304304233215521,
      "min": 19.874710166998696,
      "max": 21.53644744619523
    },
    "poverty_change_bhc_pp": {
      "mean": -1.4921033023891157,
      "sd": 0.08153701286599299,
      "min": -1.7288669257012723,
      "max": -1.3698010473605304
    },
    "gini_change_pp": {
      "mean": -0.9504668869106607,
      "sd": 0.03713026416547524,
      "min": -1.0309039370194006,
      "max": -0.8871275029669445
    }
  },
  "R2_uc_circuit_breaker_exposure": {
    "exchequer_cost_bn": {
      "mean": 5.7297936383999994,
      "sd": 0.03696340529960678,
      "min": 5.642551296,
      "max": 5.784797184
    },
    "poverty_change_bhc_pp": {
      "mean": -0.6735627141431768,
      "sd": 0.03422255062804306,
      "min": -0.7339171276478096,
      "max": -0.6016943778336975
    },
    "gini_change_pp": {
      "mean": -0.3044458286280677,
      "sd": 0.0030523494878137852,
      "min": -0.3099035186096777,
      "max": -0.2984087187543727
    }
  },
  "R3_cap_suspension_taper_cut_exposure": {
    "exchequer_cost_bn": {
      "mean": 4.556867174399999,
      "sd": 0.04669712571578412,
      "min": 4.446060544,
      "max": 4.622123008
    },
    "poverty_change_bhc_pp": {
      "mean": -0.4700144689155006,
      "sd": 0.04317579816437416,
      "min": -0.588651839052387,
      "max": -0.4087605415556
    },
    "gini_change_pp": {
      "mean": -0.21902890255263813,
      "sd": 0.003803924139991946,
      "min": -0.2254226163905803,
      "max": -0.2124724401571964
    }
  }
}