{
  "R1_wage_insurance_exposure": {
    "exchequer_cost_bn": {
      "mean": 21.430065448361425,
      "sd": 0.46026666292707513,
      "min": 20.60165794493628,
      "max": 22.19889665266431
    },
    "poverty_change_bhc_pp": {
      "mean": -1.4977197417470203,
      "sd": 0.10881236942968323,
      "min": -1.7234634005122125,
      "max": -1.2886596627840334
    },
    "gini_change_pp": {
      "mean": -0.960546415621802,
      "sd": 0.04293882672843754,
      "min": -1.0664055791746674,
      "max": -0.8744268798902444
    }
  },
  "R1_wage_insurance_junior": {
    "exchequer_cost_bn": {
      "mean": 21.415982107350228,
      "sd": 0.6342428488667002,
      "min": 20.042182006445262,
      "max": 22.485768826961426
    },
    "poverty_change_bhc_pp": {
      "mean": -1.5409015922780829,
      "sd": 0.10671664828906853,
      "min": -1.7563805780718171,
      "max": -1.3689699806075013
    },
    "gini_change_pp": {
      "mean": -0.9471204183475941,
      "sd": 0.0326080740093832,
      "min": -1.0001241721248388,
      "max": -0.8844503109699309
    }
  },
  "R1_wage_insurance_uniform": {
    "exchequer_cost_bn": {
      "mean": 20.63168006040006,
      "sd": 0.4304304233215521,
      "min": 19.874710166998696,
      "max": 21.53644744619523
    },
    "poverty_change_bhc_pp": {
      "mean": -1.4921033023891157,
      "sd": 0.08153701286599299,
      "min": -1.7288669257012723,
      "max": -1.3698010473605304
    },
    "gini_change_pp": {
      "mean": -0.9504669466007348,
      "sd": 0.037130292820769906,
      "min": -1.030904383072695,
      "max": -0.88712737112705
    }
  },
  "R2_uc_circuit_breaker_exposure": {
    "exchequer_cost_bn": {
      "mean": 5.736644608,
      "sd": 0.03411261454189135,
      "min": 5.678825472,
      "max": 5.814697984
    },
    "poverty_change_bhc_pp": {
      "mean": -0.6762417646511729,
      "sd": 0.04503843920379625,
      "min": -0.7665749996993126,
      "max": -0.5912867641475056
    },
    "gini_change_pp": {
      "mean": -0.3049146914186751,
      "sd": 0.0028798543600757763,
      "min": -0.3115419356600202,
      "max": -0.3002793179179952
    }
  },
  "R3_cap_suspension_taper_cut_exposure": {
    "exchequer_cost_bn": {
      "mean": 4.5670555647999995,
      "sd": 0.04475653961337181,
      "min": 4.482056192,
      "max": 4.627841024
    },
    "poverty_change_bhc_pp": {
      "mean": -0.4693255404603667,
      "sd": 0.04485281761381669,
      "min": -0.5747605276001044,
      "max": -0.3991131281207483
    },
    "gini_change_pp": {
      "mean": -0.21985955203458135,
      "sd": 0.004312955440754839,
      "min": -0.2282043441832471,
      "max": -0.2120264177297826
    }
  }
}