{
  "R1_wage_insurance_exposure": {
    "exchequer_cost_bn": {
      "mean": 21.347161602682093,
      "sd": 0.20718982626634672,
      "min": 20.980649265820237,
      "max": 21.717224953979745
    },
    "poverty_change_bhc_pp": {
      "mean": -1.4424283689298716,
      "sd": 0.10022785888139299,
      "min": -1.587943778013717,
      "max": -1.2486204760159323
    },
    "gini_change_pp": {
      "mean": -0.9343865686455631,
      "sd": 0.038384929406573835,
      "min": -1.0033033735017072,
      "max": -0.8778097288114628
    }
  },
  "R1_wage_insurance_junior": {
    "exchequer_cost_bn": {
      "mean": 21.360791517073046,
      "sd": 0.2087484636300478,
      "min": 20.79578434130774,
      "max": 21.745811748165742
    },
    "poverty_change_bhc_pp": {
      "mean": -1.4545141321761041,
      "sd": 0.10386575809576132,
      "min": -1.6930361884103045,
      "max": -1.2097892212279169
    },
    "gini_change_pp": {
      "mean": -0.9280009077671643,
      "sd": 0.03441114188159755,
      "min": -1.000326006912411,
      "max": -0.8675165004522145
    }
  },
  "R1_wage_insurance_uniform": {
    "exchequer_cost_bn": {
      "mean": 20.500024418161253,
      "sd": 0.2513788049262075,
      "min": 19.97810220258318,
      "max": 20.95292781646158
    },
    "poverty_change_bhc_pp": {
      "mean": -1.506731538355225,
      "sd": 0.10390904547873152,
      "min": -1.653019550598278,
      "max": -1.2809852194655331
    },
    "gini_change_pp": {
      "mean": -0.9577897092956247,
      "sd": 0.03333725442147964,
      "min": -1.0449284104734111,
      "max": -0.901335148141369
    }
  },
  "R2_uc_circuit_breaker_exposure": {
    "exchequer_cost_bn": {
      "mean": 5.692155494400001,
      "sd": 0.03355644558168834,
      "min": 5.64584448,
      "max": 5.759762432
    },
    "poverty_change_bhc_pp": {
      "mean": -0.5381165337704971,
      "sd": 0.02038232380033407,
      "min": -0.5841840727398295,
      "max": -0.5094979311978359
    },
    "gini_change_pp": {
      "mean": -0.30299468403047036,
      "sd": 0.0026607350592616893,
      "min": -0.3085854387006259,
      "max": -0.2988105349828296
    }
  },
  "R3_cap_suspension_taper_cut_exposure": {
    "exchequer_cost_bn": {
      "mean": 4.570456064000001,
      "sd": 0.05540195846851623,
      "min": 4.500733952,
      "max": 4.683186176
    },
    "poverty_change_bhc_pp": {
      "mean": -0.4672436981054605,
      "sd": 0.02877470127013078,
      "min": -0.5130573288293305,
      "max": -0.4159518163213055
    },
    "gini_change_pp": {
      "mean": -0.21832590318491824,
      "sd": 0.003498496770344239,
      "min": -0.2260637928817699,
      "max": -0.2129641470355214
    }
  }
}