scenario,displaced_weighted_m,net_employment_income_change_pct,exchequer_cost_bn,poverty_change_bhc_pp,poverty_change_ahc_pp,gini_change_pp,survivor_wage_effect_pct
survivor_wage_-0.050,1.5438873111572267,-12.25277144276716,56.228626432,2.506649989204776,3.0374608166620325,0.537608121814126,-5.0
survivor_wage_-0.026,1.5438873111572267,-9.985760896206166,43.915788288,2.0690470618748624,2.4231378349827413,0.6745504534479418,-2.6
survivor_wage_+0.000,1.5438873111572267,-7.529832804098419,30.474518528,1.8631866602230818,2.132903610694323,0.826281002664031,0.0
survivor_wage_+0.026,1.5438873111572267,-5.073904711990672,17.026793472,1.6849075614075808,1.7989548327309675,0.9825311312263496,2.6
survivor_wage_+0.050,1.5438873111572267,-2.8068941654296733,4.540596224,1.5531937562711484,1.6052994601943926,1.1293935417464818,5.0
