scenario,displaced_weighted_m,net_employment_income_change_pct,exchequer_cost_bn,poverty_change_bhc_pp,poverty_change_ahc_pp,gini_change_pp,survivor_wage_effect_pct
survivor_wage_-0.050,1.6075921416931152,-12.477429445565729,57.595142144,2.8079682664980203,3.1450609115117296,0.6422681538893249,-5.0
survivor_wage_-0.026,1.6075921416931152,-10.215637996978735,45.320429568,2.3420705463616547,2.499542469878274,0.7832423737081706,-2.6
survivor_wage_+0.000,1.6075921416931152,-7.765363927676159,31.89587968,2.1045137926376856,2.213906472566812,0.9388817475817879,0.0
survivor_wage_+0.026,1.6075921416931152,-5.315089858373583,18.422136832,1.8701170103055387,1.8826103307211044,1.0979179778287884,2.6
survivor_wage_+0.050,1.6075921416931152,-3.053298409786589,5.968429056,1.730917196384432,1.7072351214092314,1.2474654019725473,5.0
