scenario,displaced_weighted_m,net_employment_income_change_pct,exchequer_cost_bn,poverty_change_bhc_pp,poverty_change_ahc_pp,gini_change_pp,survivor_wage_effect_pct
survivor_wage_-0.050,1.557257138671875,-12.483973463385894,57.287294976,2.651407943644174,3.058401673911701,0.5927081639190868,-5.0
survivor_wage_-0.026,1.557257138671875,-10.222996981399623,45.012492288,2.2095723935527056,2.4472386642562265,0.7298596580785688,-2.6
survivor_wage_+0.000,1.557257138671875,-7.773605792581168,31.620907008,2.0064467687066045,2.1525849896451814,0.881963965470034,0.0
survivor_wage_+0.026,1.557257138671875,-5.3242146037627105,18.209980416,1.8069433542672653,1.8530931099270758,1.0383741096702703,2.6
survivor_wage_+0.050,1.557257138671875,-3.0632381217764406,5.775507456,1.6752295491308327,1.6662086452458174,1.1855923210505992,5.0
