{
  "exchequer_cost_bn": 14.246510592,
  "poverty_change_bhc_pp": 2.3076571122688683,
  "gini_change_pp": 1.4591736867086036
}