{
  "exchequer_cost_bn": 14.230962176,
  "poverty_change_bhc_pp": 1.8247886501501054,
  "gini_change_pp": 1.135826824570496
}