{
  "exchequer_cost_bn": 13.241253888,
  "poverty_change_bhc_pp": 1.8751404338132438,
  "gini_change_pp": 1.1807642363707238
}