{
  "family": "compression",
  "displaced_weighted_m": 1.6121337413787842,
  "exchequer_cost_bn": 24.528601088,
  "poverty_change_bhc_pp": 2.1211253957293232,
  "poverty_change_ahc_pp": 2.083930493509581,
  "gini_change_pp": 0.9172038275919503,
  "decile_transition_share_pct": {
    "1": 0.5388129949569702,
    "2": 1.0504006147384644,
    "3": 1.4043092727661133,
    "4": 2.2391879558563232,
    "5": 1.811018466949463,
    "6": 2.353973150253296,
    "7": 2.7600977420806885,
    "8": 3.508711576461792,
    "9": 3.996154308319092,
    "10": 6.018194675445557
  },
  "decile_income_change_pct": {
    "1": -0.21414242684841156,
    "2": -0.9252188801765442,
    "3": -1.1291295289993286,
    "4": -2.199181079864502,
    "5": -1.2165967226028442,
    "6": -2.364962339401245,
    "7": -2.5088531970977783,
    "8": -2.9027223587036133,
    "9": -3.6419684886932373,
    "10": -6.089577674865723
  }
}