{
  "family": "compression",
  "displaced_weighted_m": 1.6121337413787842,
  "exchequer_cost_bn": 23.85723392,
  "poverty_change_bhc_pp": 2.1297903538131906,
  "poverty_change_ahc_pp": 2.096006674912798,
  "gini_change_pp": 0.9458571624581524,
  "decile_transition_share_pct": {
    "1": 0.5388129949569702,
    "2": 1.0504006147384644,
    "3": 1.4043092727661133,
    "4": 2.2391879558563232,
    "5": 1.811018466949463,
    "6": 2.353973150253296,
    "7": 2.7600977420806885,
    "8": 3.508711576461792,
    "9": 3.996154308319092,
    "10": 6.018194675445557
  },
  "decile_income_change_pct": {
    "1": -0.2563432455062866,
    "2": -0.9736105799674988,
    "3": -1.1564799547195435,
    "4": -2.217167377471924,
    "5": -1.2097015380859375,
    "6": -2.357802391052246,
    "7": -2.476168394088745,
    "8": -2.849276304244995,
    "9": -3.564258098602295,
    "10": -5.962350845336914
  }
}