{
  "family": "compression",
  "displaced_weighted_m": 1.6663055419921875,
  "exchequer_cost_bn": 22.46049792,
  "poverty_change_bhc_pp": 2.068990687005312,
  "poverty_change_ahc_pp": 2.2584456450257333,
  "gini_change_pp": 0.9696371906093293,
  "decile_transition_share_pct": {
    "1": 0.5775402188301086,
    "2": 1.0746997594833374,
    "3": 1.720047116279602,
    "4": 1.8145114183425903,
    "5": 1.6546919345855713,
    "6": 2.4833574295043945,
    "7": 3.1961119174957275,
    "8": 3.120464563369751,
    "9": 5.085292339324951,
    "10": 5.8171820640563965
  },
  "decile_income_change_pct": {
    "1": -1.2822704315185547,
    "2": -0.5852957367897034,
    "3": -2.5986924171447754,
    "4": -1.8528295755386353,
    "5": -0.6523154377937317,
    "6": -2.013693332672119,
    "7": -2.686232089996338,
    "8": -2.1397879123687744,
    "9": -4.55491304397583,
    "10": -5.888332366943359
  }
}