{
  "family": "compression_compound",
  "displaced_weighted_m": 1.6663055419921875,
  "exchequer_cost_bn": 23.148888064,
  "poverty_change_bhc_pp": 2.0584059089365834,
  "poverty_change_ahc_pp": 2.2440163959570936,
  "gini_change_pp": 0.940687055856626,
  "decile_transition_share_pct": {
    "1": 0.5775402188301086,
    "2": 1.0746997594833374,
    "3": 1.720047116279602,
    "4": 1.8145114183425903,
    "5": 1.6546919345855713,
    "6": 2.4833574295043945,
    "7": 3.1961119174957275,
    "8": 3.120464563369751,
    "9": 5.085292339324951,
    "10": 5.8171820640563965
  },
  "decile_income_change_pct": {
    "1": -1.2361595630645752,
    "2": -0.5418572425842285,
    "3": -2.5726003646850586,
    "4": -1.8373498916625977,
    "5": -0.6601207256317139,
    "6": -2.0226588249206543,
    "7": -2.722012758255005,
    "8": -2.197434663772583,
    "9": -4.627473831176758,
    "10": -6.018694877624512
  }
}