{
  "family": "exposure",
  "displaced_weighted_m": 1.607592225074768,
  "exchequer_cost_bn": 18.422136832,
  "poverty_change_bhc_pp": 1.8701170103055387,
  "poverty_change_ahc_pp": 1.8826103307211044,
  "gini_change_pp": 1.0979179778287884,
  "decile_transition_share_pct": {
    "1": 0.5258610844612122,
    "2": 1.022752046585083,
    "3": 1.272051215171814,
    "4": 1.6658499240875244,
    "5": 1.8797345161437988,
    "6": 3.062542200088501,
    "7": 3.0499255657196045,
    "8": 3.3778464794158936,
    "9": 5.08418083190918,
    "10": 4.667875289916992
  },
  "decile_income_change_pct": {
    "1": -0.506796658039093,
    "2": -1.525617003440857,
    "3": -1.2091460227966309,
    "4": -1.3288229703903198,
    "5": -1.311740756034851,
    "6": -2.538675546646118,
    "7": -3.222066879272461,
    "8": -2.205442190170288,
    "9": -4.881264686584473,
    "10": -3.89532470703125
  }
}