{
  "family": "exposure",
  "displaced_weighted_m": 1.5438872575759888,
  "exchequer_cost_bn": 17.026793472,
  "poverty_change_bhc_pp": 1.6849075614075808,
  "poverty_change_ahc_pp": 1.7989548327309675,
  "gini_change_pp": 0.9825311312263496,
  "decile_transition_share_pct": {
    "1": 0.6499844789505005,
    "2": 0.9148635268211365,
    "3": 1.2110202312469482,
    "4": 1.7452541589736938,
    "5": 1.9769128561019897,
    "6": 2.2411768436431885,
    "7": 3.331024408340454,
    "8": 3.393838405609131,
    "9": 3.817081928253174,
    "10": 5.312622547149658
  },
  "decile_income_change_pct": {
    "1": -0.8769049644470215,
    "2": -0.2914767563343048,
    "3": -0.8727539777755737,
    "4": -1.5544167757034302,
    "5": -1.3529160022735596,
    "6": -1.8023386001586914,
    "7": -3.29982852935791,
    "8": -3.0891339778900146,
    "9": -2.6737470626831055,
    "10": -4.772322177886963
  }
}