{
  "family": "exposure",
  "displaced_weighted_m": 1.5572571754455566,
  "exchequer_cost_bn": 18.209980416,
  "poverty_change_bhc_pp": 1.8069433542672653,
  "poverty_change_ahc_pp": 1.8530931099270758,
  "gini_change_pp": 1.0383741096702703,
  "decile_transition_share_pct": {
    "1": 0.6389977931976318,
    "2": 1.0886125564575195,
    "3": 1.243830919265747,
    "4": 1.8469818830490112,
    "5": 1.9074879884719849,
    "6": 2.0584867000579834,
    "7": 3.361478805541992,
    "8": 3.5170376300811768,
    "9": 3.8016676902770996,
    "10": 5.342141628265381
  },
  "decile_income_change_pct": {
    "1": -1.3117830753326416,
    "2": -0.9180843830108643,
    "3": -0.8571891188621521,
    "4": -1.940965175628662,
    "5": -1.4522581100463867,
    "6": -1.234360933303833,
    "7": -3.319706439971924,
    "8": -3.347740888595581,
    "9": -2.6313607692718506,
    "10": -5.251779079437256
  }
}