{
  "family": "junior",
  "displaced_weighted_m": 1.5430988073349,
  "exchequer_cost_bn": 15.845507072,
  "poverty_change_bhc_pp": 1.9140779884267127,
  "poverty_change_ahc_pp": 2.1514269744050436,
  "gini_change_pp": 1.109108269288639,
  "decile_transition_share_pct": {
    "1": 0.5189822912216187,
    "2": 1.0184204578399658,
    "3": 1.180400013923645,
    "4": 1.867002248764038,
    "5": 1.8060733079910278,
    "6": 2.4792022705078125,
    "7": 2.8411707878112793,
    "8": 4.174083232879639,
    "9": 3.9480597972869873,
    "10": 4.747752666473389
  },
  "decile_income_change_pct": {
    "1": 0.026299916207790375,
    "2": -1.106813669204712,
    "3": -0.48085033893585205,
    "4": -1.9112344980239868,
    "5": -1.5379573106765747,
    "6": -2.774275779724121,
    "7": -2.5906589031219482,
    "8": -3.3143184185028076,
    "9": -2.8235878944396973,
    "10": -3.7660210132598877
  }
}