{
  "family": "junior",
  "displaced_weighted_m": 1.5429996252059937,
  "exchequer_cost_bn": 15.262449664,
  "poverty_change_bhc_pp": 1.880990089543491,
  "poverty_change_ahc_pp": 2.0657630722455633,
  "gini_change_pp": 1.1120804012145213,
  "decile_transition_share_pct": {
    "1": 0.5159214735031128,
    "2": 1.0464231967926025,
    "3": 1.1177904605865479,
    "4": 1.9424606561660767,
    "5": 1.9933106899261475,
    "6": 2.428650140762329,
    "7": 2.99838924407959,
    "8": 3.8993735313415527,
    "9": 4.006703853607178,
    "10": 4.630594253540039
  },
  "decile_income_change_pct": {
    "1": -0.08703266084194183,
    "2": -0.9872763752937317,
    "3": -0.35254037380218506,
    "4": -1.9664324522018433,
    "5": -1.9779893159866333,
    "6": -2.560842752456665,
    "7": -2.5446372032165527,
    "8": -2.8988988399505615,
    "9": -2.714262008666992,
    "10": -3.414747953414917
  }
}