{
  "family": "junior",
  "displaced_weighted_m": 1.6116807460784912,
  "exchequer_cost_bn": 19.363741696,
  "poverty_change_bhc_pp": 1.8596208143794617,
  "poverty_change_ahc_pp": 1.8284462894566589,
  "gini_change_pp": 0.9203030109456667,
  "decile_transition_share_pct": {
    "1": 0.5600935816764832,
    "2": 0.9226088523864746,
    "3": 1.5024677515029907,
    "4": 1.309496521949768,
    "5": 1.9673128128051758,
    "6": 2.70613169670105,
    "7": 3.1937122344970703,
    "8": 3.3376665115356445,
    "9": 4.49160623550415,
    "10": 5.6825995445251465
  },
  "decile_income_change_pct": {
    "1": -0.5218888521194458,
    "2": -0.4506925344467163,
    "3": -1.4348301887512207,
    "4": -1.0800014734268188,
    "5": -1.7272155284881592,
    "6": -2.2166733741760254,
    "7": -2.8043558597564697,
    "8": -2.5539164543151855,
    "9": -4.44832706451416,
    "10": -5.162166595458984
  }
}