{
  "family": "klein_top_loaded",
  "displaced_weighted_m": 1.6232701539993286,
  "exchequer_cost_bn": 34.170732544,
  "poverty_change_bhc_pp": 2.2219964548282567,
  "poverty_change_ahc_pp": 2.5137124187378594,
  "gini_change_pp": 0.9869308975680391,
  "decile_transition_share_pct": {
    "1": 0.01464349590241909,
    "2": 0.22714583575725555,
    "3": 0.6391424536705017,
    "4": 0.9823275208473206,
    "5": 1.4898929595947266,
    "6": 2.3143723011016846,
    "7": 3.2113149166107178,
    "8": 3.9903316497802734,
    "9": 5.7361555099487305,
    "10": 7.252708911895752
  },
  "decile_income_change_pct": {
    "1": 1.1395652294158936,
    "2": 0.19049908220767975,
    "3": -0.6615767478942871,
    "4": -0.9456326365470886,
    "5": -2.3025166988372803,
    "6": -2.7932870388031006,
    "7": -3.968428611755371,
    "8": -4.548862934112549,
    "9": -6.2784600257873535,
    "10": -7.981125831604004
  },
  "london_composition_no_tilt": {
    "london_share_of_displaced_pct": 15.120348930358887,
    "london_displacement_rate_pct": 8.270076751708984
  },
  "provenance": {
    "source": "Klein Teeselink (2025), 'Generative AI and Labor Market Outcomes: Evidence from the United Kingdom', SSRN 5516798; KCL press release 2025-09.",
    "paper_per_standard_deviation_estimates_pct": {
      "total_employment": -0.3,
      "junior_employment": -0.4,
      "high_compensation_firm_employment": -0.7,
      "low_compensation_firm_employment": "close to zero",
      "london": "minimal and statistically insignificant effects"
    },
    "press_release_maximum_exposure_scalings_pct": {
      "total_employment": -4.5,
      "junior_employment": -5.8,
      "high_paying_firm_employment": -9.6,
      "exposed_occupations_postings_pct": -23.4,
      "high_salary_occupations_postings_pct": -34.2
    },
    "author_imposed": {
      "junior_multiplier": 1.2888888888888888,
      "geographic_multiplier": "none (London multiplier fixed at 1.0)",
      "low_wage_multiplier_floor": 0.6,
      "high_wage_multiplier": 9.6,
      "junior_proxy": "junior positions proxied by age < 25 (KT's concept is seniority, not age; under-25s are ~2% of the displaced given the wage-tier tilt)",
      "wage_tier_split": "weighted median of employee earnings (FRS person earnings proxy for KT's firm pay tiers)",
      "composite": "multiplicative combination of exposure x junior x wage-tier channels (independence imposed)",
      "aggregate_shock": "central preset (7% displacement, +2.6% wages, +0.4pp capital) \u2014 KT shapes incidence, not size"
    }
  }
}