family,displaced_weighted_m,exchequer_cost_bn,poverty_change_bhc_pp,poverty_change_ahc_pp,gini_change_pp
exposure,1.607592225074768,18.422136832,1.870117010305539,1.8826103307211044,1.0979179778287884
junior,1.6116807460784912,19.363741696,1.8596208143794617,1.8284462894566589,0.9203030109456668
compression,1.6121337413787842,24.528601088,2.1211253957293232,2.083930493509581,0.9172038275919504
uniform,1.6150879859924316,14.230962176,1.8247886501501056,1.8577605847167251,1.135826824570496
measured,1.613623023033142,32.500809728,2.2919925770485072,2.6060409376779283,1.02359013708464
