family,displaced_weighted_m,exchequer_cost_bn,poverty_change_bhc_pp,poverty_change_ahc_pp,gini_change_pp
exposure,1.5572571754455566,18.209980416,1.8069433542672653,1.8530931099270758,1.0383741096702703
junior,1.5430988073349,15.845507072,1.9140779884267127,2.1514269744050436,1.109108269288639
compression,1.6663055419921875,22.46049792,2.068990687005312,2.2584456450257333,0.9696371906093293
uniform,1.5532170534133911,12.886704128,1.8751404338132438,2.062672348277514,1.1955321416324827
compression_compound,1.6663055419921875,23.148888064,2.0584059089365834,2.2440163959570936,0.940687055856626
uniform_compound,1.5532170534133911,13.241253888,1.8751404338132438,2.062672348277514,1.1807642363707238
