family,displaced_weighted_m,exchequer_cost_bn,poverty_change_bhc_pp,poverty_change_ahc_pp,gini_change_pp
exposure,1.5438872575759888,17.026793472,1.6849075614075808,1.7989548327309677,0.9825311312263496
junior,1.5429996252059937,15.262449664,1.880990089543491,2.0657630722455633,1.1120804012145211
compression,1.6121337413787842,23.85723392,2.1297903538131906,2.096006674912798,0.9458571624581524
uniform,1.5532170534133911,12.886769664,1.875140433813244,2.062672348277514,1.195531783314152
compression_compound,1.6121337413787842,24.528601088,2.1211253957293232,2.083930493509581,0.9172038278928984
uniform_compound,1.5532170534133911,13.241253888,1.875140433813244,2.062672348277514,1.1807642363707238
klein_top_loaded,1.6110962629318237,31.034966016,2.109211878179937,2.3985361166053707,1.0315275768687293
