{
  "family": "uniform_compound",
  "displaced_weighted_m": 1.5532170534133911,
  "exchequer_cost_bn": 13.241253888,
  "poverty_change_bhc_pp": 1.8751404338132438,
  "poverty_change_ahc_pp": 2.062672348277514,
  "gini_change_pp": 1.1807642363707238,
  "decile_transition_share_pct": {
    "1": 0.8195364475250244,
    "2": 0.9887269139289856,
    "3": 1.9670380353927612,
    "4": 2.0807175636291504,
    "5": 2.200408935546875,
    "6": 2.482713222503662,
    "7": 3.0500223636627197,
    "8": 3.490159034729004,
    "9": 3.9046530723571777,
    "10": 3.758714437484741
  },
  "decile_income_change_pct": {
    "1": -0.713850200176239,
    "2": -0.686793863773346,
    "3": -1.9859896898269653,
    "4": -1.7284643650054932,
    "5": -2.2368874549865723,
    "6": -1.4829227924346924,
    "7": -2.722240447998047,
    "8": -2.4007158279418945,
    "9": -3.1231470108032227,
    "10": -2.5209970474243164
  }
}