{
  "family": "uniform",
  "displaced_weighted_m": 1.5532170534133911,
  "exchequer_cost_bn": 12.886704128,
  "poverty_change_bhc_pp": 1.8751404338132438,
  "poverty_change_ahc_pp": 2.062672348277514,
  "gini_change_pp": 1.1955321416324827,
  "decile_transition_share_pct": {
    "1": 0.8195364475250244,
    "2": 0.9887269139289856,
    "3": 1.9670380353927612,
    "4": 2.0807175636291504,
    "5": 2.200408935546875,
    "6": 2.482713222503662,
    "7": 3.0500223636627197,
    "8": 3.490159034729004,
    "9": 3.9046530723571777,
    "10": 3.758714437484741
  },
  "decile_income_change_pct": {
    "1": -0.7344422340393066,
    "2": -0.7098589539527893,
    "3": -1.9982455968856812,
    "4": -1.7351430654525757,
    "5": -2.2344629764556885,
    "6": -1.476153016090393,
    "7": -2.7058966159820557,
    "8": -2.372786521911621,
    "9": -3.083230972290039,
    "10": -2.4537155628204346
  }
}