{
  "family": "uniform",
  "displaced_weighted_m": 1.5532170534133911,
  "exchequer_cost_bn": 12.886769664,
  "poverty_change_bhc_pp": 1.8751404338132438,
  "poverty_change_ahc_pp": 2.062672348277514,
  "gini_change_pp": 1.195531783314152,
  "decile_transition_share_pct": {
    "1": 0.8195364475250244,
    "2": 0.9887269139289856,
    "3": 1.9670380353927612,
    "4": 2.0807175636291504,
    "5": 2.200408935546875,
    "6": 2.482713222503662,
    "7": 3.0500223636627197,
    "8": 3.490159034729004,
    "9": 3.9046530723571777,
    "10": 3.758714437484741
  },
  "decile_income_change_pct": {
    "1": -0.7344479560852051,
    "2": -0.7098469138145447,
    "3": -1.9982712268829346,
    "4": -1.7351436614990234,
    "5": -2.234469175338745,
    "6": -1.476178526878357,
    "7": -2.705878496170044,
    "8": -2.3728220462799072,
    "9": -3.0832386016845703,
    "10": -2.453716278076172
  }
}