{
  "family": "uniform",
  "displaced_weighted_m": 1.6150879859924316,
  "exchequer_cost_bn": 14.230962176,
  "poverty_change_bhc_pp": 1.8247886501501054,
  "poverty_change_ahc_pp": 1.8577605847167251,
  "gini_change_pp": 1.135826824570496,
  "decile_transition_share_pct": {
    "1": 0.7280991077423096,
    "2": 1.2502200603485107,
    "3": 1.6706132888793945,
    "4": 2.7128446102142334,
    "5": 2.0049567222595215,
    "6": 3.2101409435272217,
    "7": 2.6889452934265137,
    "8": 2.8681886196136475,
    "9": 4.589936256408691,
    "10": 4.004270553588867
  },
  "decile_income_change_pct": {
    "1": -0.926888108253479,
    "2": -1.610011100769043,
    "3": -1.5716590881347656,
    "4": -2.288865804672241,
    "5": -1.1357773542404175,
    "6": -2.504823684692383,
    "7": -2.4372100830078125,
    "8": -1.5302778482437134,
    "9": -3.988739490509033,
    "10": -2.9671859741210938
  }
}