{
  "scenario": "central (7% displacement, +2.6% wages, +0.4pp capital return), seed 0",
  "phi": 0.5,
  "payout_ratio": 0.5,
  "displaced_wage_bill_bn": 77.944905728,
  "effective_labour_tax_rate_on_displaced": 0.24930593647498347,
  "recycled_dividends_bn": 19.486226432,
  "ct_on_recycled_profits_bn": 9.743113216,
  "baseline": {
    "gini": 0.3101273036544886,
    "poverty_bhc": 0.14832010232636275,
    "poverty_ahc": 0.18858822444910275
  },
  "central_no_recycling": {
    "gini": 0.3209752663760864,
    "poverty_bhc": 0.1667697309463534,
    "poverty_ahc": 0.20729797896218527
  },
  "recycling_phi05": {
    "gini": 0.32712192829493614,
    "poverty_bhc": 0.1667697309463534,
    "poverty_ahc": 0.20729797896218527
  },
  "recycling_minus_central": {
    "gini_pp": 0.6146661918849716,
    "poverty_bhc_pp": 0.0,
    "poverty_ahc_pp": 0.0
  },
  "decile_mean_hbai_net_income": {
    "baseline": {
      "1": 11579.4716796875,
      "2": 24518.361328125,
      "3": 32662.30078125,
      "4": 36811.99609375,
      "5": 43146.73046875,
      "6": 49915.796875,
      "7": 56689.546875,
      "8": 64894.55859375,
      "9": 76861.4609375,
      "10": 119200.5
    },
    "central_no_recycling": {
      "1": 11509.291015625,
      "2": 24155.91015625,
      "3": 32282.892578125,
      "4": 36239.94921875,
      "5": 42634.46484375,
      "6": 48847.83984375,
      "7": 54759.546875,
      "8": 63446.44921875,
      "9": 73136.96875,
      "10": 114566.375
    },
    "recycling_phi05": {
      "1": 11509.291015625,
      "2": 24155.91015625,
      "3": 32282.892578125,
      "4": 36239.94921875,
      "5": 44507.04296875,
      "6": 49166.625,
      "7": 55373.01171875,
      "8": 64750.51953125,
      "9": 73136.96875,
      "10": 115034.3203125
    },
    "recycling_minus_central_gbp": {
      "1": 0.0,
      "2": 0.0,
      "3": 0.0,
      "4": 0.0,
      "5": 1872.578125,
      "6": 318.78515625,
      "7": 613.46484375,
      "8": 1304.0703125,
      "9": 0.0,
      "10": 467.9453125
    }
  },
  "caveats": [
    "Static accounting on top of the microsimulation; incidence of corporation tax not modelled.",
    "Effective labour tax rate is a pro-rata attribution of IT+NICs to employment income; ignores schedule ordering of savings/dividend bands.",
    "CT base assumed equal to accounting profit (no allowances, losses or profit shifting).",
    "Payout ratio 0.5 is a parameter, not an estimate; recycled dividends allocated pro-rata to existing dividend holders only.",
    "Dividend tax on the recycled dividends IS captured by the simulation; CT is added outside it."
  ]
}