{
  "scenario": "central (7% displacement, +2.6% wages, +0.4pp capital return), seed 0",
  "phi": 0.5,
  "payout_ratio": 0.5,
  "displaced_wage_bill_bn": 78.027636736,
  "effective_labour_tax_rate_on_displaced": 0.25622381204005895,
  "recycled_dividends_bn": 14.630181888,
  "ct_on_recycled_profits_bn": 9.753454592,
  "baseline": {
    "gini": 0.30908967456288927,
    "poverty_bhc": 0.14607251204109342,
    "poverty_ahc": 0.18690132778805474
  },
  "central_no_recycling": {
    "gini": 0.319473415659592,
    "poverty_bhc": 0.16414194558376607,
    "poverty_ahc": 0.2054322588873255
  },
  "recycling_phi05": {
    "gini": 0.32408885501844686,
    "poverty_bhc": 0.16414194558376607,
    "poverty_ahc": 0.2054322588873255
  },
  "recycling_minus_central": {
    "gini_pp": 0.4615439358854889,
    "poverty_bhc_pp": 0.0,
    "poverty_ahc_pp": 0.0
  },
  "decile_mean_per_capita_hbai_net_income": {
    "baseline": {
      "1": 4567.042898424409,
      "2": 10113.964674584047,
      "3": 12640.945523932918,
      "4": 15257.595903502059,
      "5": 17014.140018147562,
      "6": 18957.785184564786,
      "7": 21584.19102269705,
      "8": 25123.834317338158,
      "9": 30213.080980016148,
      "10": 47060.18432387826
    },
    "central_no_recycling": {
      "1": 4541.17201916117,
      "2": 10041.650940998114,
      "3": 12575.394882107434,
      "4": 15057.738251592635,
      "5": 16827.38100166534,
      "6": 18780.508198517073,
      "7": 21059.243494442453,
      "8": 24437.156012420786,
      "9": 29486.254047846858,
      "10": 45028.931240571146
    },
    "recycling_phi05": {
      "1": 4541.17201916117,
      "2": 10041.650940998114,
      "3": 12575.394882107434,
      "4": 15057.738251592635,
      "5": 17532.052520412573,
      "6": 18857.325347093643,
      "7": 21289.621704501005,
      "8": 24683.111466575585,
      "9": 29486.254047846858,
      "10": 45204.07032878302
    },
    "recycling_minus_central_gbp": {
      "1": 0.0,
      "2": 0.0,
      "3": 0.0,
      "4": 0.0,
      "5": 704.6715187472328,
      "6": 76.81714857657062,
      "7": 230.3782100585522,
      "8": 245.95545415479864,
      "9": 0.0,
      "10": 175.13908821187215
    }
  },
  "caveats": [
    "Static accounting on top of the microsimulation; incidence of corporation tax not modelled.",
    "Effective labour tax rate is a pro-rata attribution of IT+NICs to employment income; ignores schedule ordering of savings/dividend bands.",
    "CT base assumed equal to accounting profit (no allowances, losses or profit shifting).",
    "Payout ratio 0.5 is a parameter, not an estimate; recycled dividends are paid out of post-corporation-tax profit (x(1-0.25)) and allocated pro-rata to existing dividend holders only.",
    "Dividend tax on the recycled dividends IS captured by the simulation; CT is added outside it."
  ]
}