code,name,region,income_change_pct,displaced_per_1000_workers,poverty_headcount_change,poverty_rate_change_pp,baseline_poverty_headcount,workers,displaced,note
E14001063,Aldershot,South East,-0.39889368,67.35444339164215,3369.5591190758932,2.9864839018207796,11806.684457005686,60053.43878521603,4044.86594313228,"synthetic projection (imputed SOC, calibrated weights, single seed)"
E14001064,Aldridge-Brownhills,West Midlands,0.98228174,62.09249973997674,2606.5529427358524,2.7442218547533956,12118.442503877102,43693.559818269816,2713.0423516545766,"synthetic projection (imputed SOC, calibrated weights, single seed)"
E14001065,Altrincham and Sale West,North West,-1.4452906,77.1042937731875,3590.510460097794,3.3291231231053984,12764.154468682187,52976.22692886941,4084.694564118594,"synthetic projection (imputed SOC, calibrated weights, single seed)"
E14001066,Amber Valley,East Midlands,2.0504332,55.35797097064585,2445.8972507820363,2.542767692200773,10879.10401383315,47163.91308211147,2610.898531261591,"synthetic projection (imputed SOC, calibrated weights, single seed)"
E14001067,Arundel and South Downs,South East,1.086154,62.51765168097691,1990.752260207013,2.081375553526118,11257.870947159252,43939.35739663953,2746.9854408090664,"synthetic projection (imputed SOC, calibrated weights, single seed)"
E14001068,Ashfield,East Midlands,1.3189155,59.76882643407325,2533.7643486270936,2.455941186977856,15260.383981147228,46506.02503407089,2779.6105384000484,"synthetic projection (imputed SOC, calibrated weights, single seed)"
E14001069,Ashford,South East,0.7688964,61.57145640681603,2607.2490949725325,2.407662076932775,13084.938672802873,50769.472965224064,3125.9503914753186,"synthetic projection (imputed SOC, calibrated weights, single seed)"
E14001070,Ashton-under-Lyne,North West,1.697315,53.91161685140756,1862.0161930221766,1.8202611439360636,15163.165909798196,46447.63700792569,2504.067210024548,"synthetic projection (imputed SOC, calibrated weights, single seed)"
E14001071,Aylesbury,South East,-0.7394277,66.60991449668221,3577.904852565898,3.21076338321617,11592.339298511684,57207.556131759324,3810.590422500637,"synthetic projection (imputed SOC, calibrated weights, single seed)"
E14001072,Banbury,South East,-0.22391966,61.764315008339295,3513.057121844766,3.6186302169351516,6187.961623382842,54634.28461971505,3374.449165507347,"synthetic projection (imputed SOC, calibrated weights, single seed)"
E14001073,Barking,London,0.6729581,61.50528841454364,3702.4934192005458,2.769454790131242,19279.727190180223,57231.9220487905,3520.065872129539,"synthetic projection (imputed SOC, calibrated weights, single seed)"
E14001074,Barnsley North,Yorkshire and the Humber,1.0737054,66.40291478012243,2597.216370742455,2.3865876247828655,16323.585828986439,49975.81157280149,3318.5395569361935,"synthetic projection (imputed SOC, calibrated weights, single seed)"
E14001075,Barnsley South,Yorkshire and the Humber,1.9236034,55.41640133710198,2764.4905542198503,2.515150360975425,14420.172483165945,51017.294480961296,2827.194866090069,"synthetic projection (imputed SOC, calibrated weights, single seed)"
E14001076,Barrow and Furness,North West,0.1718774,69.20074006890832,1804.9622100125562,1.8013001760804628,16508.093113381394,48378.7640958493,3347.8462790519015,"synthetic projection (imputed SOC, calibrated weights, single seed)"
E14001077,Basildon and Billericay,Eastern,-0.5192144,67.63040874238796,2768.318581932075,2.501722083329138,17187.24444112515,50102.92280219089,3388.48114830048,"synthetic projection (imputed SOC, calibrated weights, single seed)"
E14001078,Basingstoke,South East,-1.73509,70.38986609520204,3928.877656741359,3.4336306262703857,12442.603314297534,62425.59251900916,4394.129098326701,"synthetic projection (imputed SOC, calibrated weights, single seed)"
E14001079,Bassetlaw,East Midlands,1.9105729,61.37623913273394,3403.0730610276223,3.1739670486136564,11060.438443097679,50139.51172046665,3077.374661353878,"synthetic projection (imputed SOC, calibrated weights, single seed)"
E14001080,Bath,South West,-0.4633406,68.08058133262313,2206.229302745247,2.09552272387784,14877.053205629752,49036.47371459822,3338.43163699174,"synthetic projection (imputed SOC, calibrated weights, single seed)"
E14001081,Battersea,London,-2.6169052,75.8428944894015,3294.5312676216854,2.940277985870801,7148.9993143017,65457.91561907131,4964.517787793372,"synthetic projection (imputed SOC, calibrated weights, single seed)"
E14001082,Beaconsfield,South East,-3.476932,97.93491106120297,3741.1060599075863,3.7816198634573293,9634.287330255444,52586.09681235209,5150.01471437351,"synthetic projection (imputed SOC, calibrated weights, single seed)"
E14001083,Beckenham and Penge,London,-2.476765,81.41358455213228,4340.834237000949,3.775139647253608,11432.107984232527,59270.432724814586,4825.418386083161,"synthetic projection (imputed SOC, calibrated weights, single seed)"
E14001084,Bedford,Eastern,0.17569534,64.29855791158995,3143.663772286527,2.8473746678965197,14932.097988952959,53087.69507998136,3413.46223649301,"synthetic projection (imputed SOC, calibrated weights, single seed)"
E14001085,Bermondsey and Old Southwark,London,-1.5496049,72.65985851940191,3810.3021524409414,3.2840496344396306,7431.358553756253,64061.184641156964,4654.676612611747,"synthetic projection (imputed SOC, calibrated weights, single seed)"
E14001086,Bethnal Green and Stepney,London,-1.2930678,73.28504439420098,4864.316229938591,3.424733111666861,12892.50876304852,70599.19598492193,5173.865211949899,"synthetic projection (imputed SOC, calibrated weights, single seed)"
E14001087,Beverley and Holderness,Yorkshire and the Humber,2.382864,58.64539253192377,1976.0723292755101,2.1548853655161095,11779.710859875979,40728.929696822895,2388.5640694753056,"synthetic projection (imputed SOC, calibrated weights, single seed)"
E14001088,Bexhill and Battle,South East,2.2880042,65.19000793480342,2351.5694302156917,2.543398257897108,8768.800408754694,40441.45274278346,2636.3786251970314,"synthetic projection (imputed SOC, calibrated weights, single seed)"
E14001089,Bexleyheath and Crayford,London,-0.57934403,60.53584572103391,2855.966528872137,2.7154491337019344,12338.07234602253,54827.50222568704,3319.0292160038343,"synthetic projection (imputed SOC, calibrated weights, single seed)"
E14001090,Bicester and Woodstock,South East,-0.39439905,61.72415473712519,3058.9938752603266,3.028554114492199,8159.533880294426,55863.26072395547,3448.1125490457957,"synthetic projection (imputed SOC, calibrated weights, single seed)"
E14001091,Birkenhead,North West,2.1319098,62.73323631112919,2894.0997057686072,2.664973257612071,16092.730602297275,43443.18051915047,2725.3313096149104,"synthetic projection (imputed SOC, calibrated weights, single seed)"
E14001092,Birmingham Edgbaston,West Midlands,-0.063443094,64.6742157209191,2305.738371088184,1.992107967257548,21478.977632126218,46191.17552621098,2987.3780503850076,"synthetic projection (imputed SOC, calibrated weights, single seed)"
E14001093,Birmingham Erdington,West Midlands,1.6577202,57.23797944486484,1058.8482379204288,0.8429669464694688,25865.875727538914,50400.96259293654,2884.8492608959036,"synthetic projection (imputed SOC, calibrated weights, single seed)"
E14001094,Birmingham Hall Green and Moseley,West Midlands,0.5056606,70.67327905238287,2222.325149321925,1.899724001866357,23336.19150025543,45654.24273158342,3226.5350364944175,"synthetic projection (imputed SOC, calibrated weights, single seed)"
E14001095,Birmingham Hodge Hill and Solihull North,West Midlands,1.2913924,66.07312009326223,2332.9081008896464,1.862056312185339,25254.741192221267,42843.56144389901,2830.8077805057987,"synthetic projection (imputed SOC, calibrated weights, single seed)"
E14001096,Birmingham Ladywood,West Midlands,1.0706623,57.9195097951389,2038.854739040773,1.2724775659485175,33917.019600357555,55724.136929879765,3227.5146947358326,"synthetic projection (imputed SOC, calibrated weights, single seed)"
E14001097,Birmingham Northfield,West Midlands,0.78641224,64.09983215721556,2630.774860479978,2.436838736030564,19027.877132687958,44872.044217790026,2876.2905029114954,"synthetic projection (imputed SOC, calibrated weights, single seed)"
E14001098,Birmingham Perry Barr,West Midlands,1.1032927,65.67226526030329,1550.3438400044506,1.2348413211603504,27592.675636636075,44958.03535149459,2952.4960231854457,"synthetic projection (imputed SOC, calibrated weights, single seed)"
E14001099,Birmingham Selly Oak,West Midlands,0.7880308,64.45387891477417,1473.2766351145328,1.3597088253474037,16771.67987224189,42269.50150273057,2724.4333316448606,"synthetic projection (imputed SOC, calibrated weights, single seed)"
E14001100,Birmingham Yardley,West Midlands,1.1510963,58.788704870475584,1994.0247388052303,1.7447112541687815,23616.930221836603,42438.79966483299,2494.922068553105,"synthetic projection (imputed SOC, calibrated weights, single seed)"
E14001101,Bishop Auckland,North East,1.3007774,61.596732504562986,1717.4014497104145,1.7801003733535334,15289.499709483376,42456.65029555527,2615.190931295093,"synthetic projection (imputed SOC, calibrated weights, single seed)"
E14001102,Blackburn,North West,1.4978408,64.12825214354388,2459.6836198981655,2.1544988495752944,20026.126697817876,46900.317098008665,3007.6353604732617,"synthetic projection (imputed SOC, calibrated weights, single seed)"
E14001103,Blackley and Middleton South,North West,0.7052387,68.6775965173171,2959.754999478031,2.612713347954509,19658.45345373744,45106.62951638653,3097.8149021825,"synthetic projection (imputed SOC, calibrated weights, single seed)"
E14001104,Blackpool North and Fleetwood,North West,1.4752862,62.86417560013422,2065.0223249758783,2.099890284444112,14632.242514851761,43131.959900855465,2711.4551011853255,"synthetic projection (imputed SOC, calibrated weights, single seed)"
E14001105,Blackpool South,North West,3.1533444,60.062377264149966,3126.512245164755,2.802435360875935,15332.224405626746,45577.30022201394,2737.481000616027,"synthetic projection (imputed SOC, calibrated weights, single seed)"
E14001106,Blaydon and Consett,North East,1.4142383,60.78961519857602,2255.41810817425,2.3786717183983526,12658.36244924778,43932.64954063097,2670.648860228854,"synthetic projection (imputed SOC, calibrated weights, single seed)"
E14001107,Blyth and Ashington,North East,1.526886,59.568028032901736,3086.167601700032,2.924786785673376,12330.829297892335,50479.35760107677,3006.9557886638127,"synthetic projection (imputed SOC, calibrated weights, single seed)"
E14001108,Bognor Regis and Littlehampton,South East,2.496963,59.54938135536685,2933.1023752091714,2.7624290028692733,12481.82422853206,46687.62739014286,2780.2193280328875,"synthetic projection (imputed SOC, calibrated weights, single seed)"
E14001109,Bolsover,East Midlands,2.3638186,60.915857182089496,3306.4942495920986,3.1732541454172676,11584.34684031342,46290.898059247644,2819.8497350077932,"synthetic projection (imputed SOC, calibrated weights, single seed)"
E14001110,Bolton North East,North West,1.481869,61.9408959634895,2941.515969535758,2.585027681889301,18270.50594964649,47882.99889796258,2965.9158531585826,"synthetic projection (imputed SOC, calibrated weights, single seed)"
E14001111,Bolton South and Walkden,North West,1.5790898,64.99296995324704,3386.497985164795,2.790300375890995,17823.550574178324,51530.47591030506,3349.118672514977,"synthetic projection (imputed SOC, calibrated weights, single seed)"
E14001112,Bolton West,North West,1.1098433,64.65523330875368,3181.835744391621,3.2732849029766546,10675.471561635177,46303.18160880054,2993.743009854592,"synthetic projection (imputed SOC, calibrated weights, single seed)"
E14001113,Bootle,North West,0.84233814,65.39832469525894,2294.633434473344,2.2367076862284234,17522.552773493866,44884.84024750398,2935.3933564010913,"synthetic projection (imputed SOC, calibrated weights, single seed)"
E14001114,Boston and Skegness,East Midlands,2.718803,65.18695207953076,3808.169738383349,3.1882382012556962,13394.211643204277,54057.4528584065,3523.840589022437,"synthetic projection (imputed SOC, calibrated weights, single seed)"
E14001115,Bournemouth East,South West,0.17806293,66.95769794103205,3219.6611118994115,2.9326950674338224,13560.63305387033,53843.77969807043,3605.2555370268738,"synthetic projection (imputed SOC, calibrated weights, single seed)"
E14001116,Bournemouth West,South West,0.8384111,64.71324437420691,2454.147062584365,2.294584906306148,16005.769068688169,49059.544239791096,3174.802275276816,"synthetic projection (imputed SOC, calibrated weights, single seed)"
E14001117,Bracknell,South East,-0.33362052,62.708812209518584,3584.9944561795346,3.445791590508362,7904.750709965466,56930.42733528041,3570.0394767757425,"synthetic projection (imputed SOC, calibrated weights, single seed)"
E14001118,Bradford East,Yorkshire and the Humber,1.4893942,62.84105437891785,1446.0048067181779,1.1818439648601724,25940.329937993156,42876.88736628058,2694.428810583174,"synthetic projection (imputed SOC, calibrated weights, single seed)"
E14001119,Bradford South,Yorkshire and the Humber,1.6646274,63.53965554828201,2942.4457957021878,2.6345320580063314,19019.515722080905,44846.7528381811,2849.5472277969657,"synthetic projection (imputed SOC, calibrated weights, single seed)"
E14001120,Bradford West,Yorkshire and the Humber,1.6896936,59.10390613300755,1034.6840909300445,0.8294229097881698,29831.817978337025,41087.045384756595,2428.404873703275,"synthetic projection (imputed SOC, calibrated weights, single seed)"
E14001121,Braintree,Eastern,-0.2811564,64.24852464709446,2375.9787810984963,2.23404034952194,14586.188945391023,51790.13913620214,3327.440030768734,"synthetic projection (imputed SOC, calibrated weights, single seed)"
E14001122,Brent East,London,0.25966677,64.32173558463012,3202.8854200981914,2.398820829265728,15603.75452095851,57542.27068422591,3701.218719889992,"synthetic projection (imputed SOC, calibrated weights, single seed)"
E14001123,Brent West,London,0.17985804,64.10058294391044,3479.523406076638,2.684179080235199,15202.971731570186,61472.279473602146,3940.408949148877,"synthetic projection (imputed SOC, calibrated weights, single seed)"
E14001124,Brentford and Isleworth,London,-0.855531,63.593086980000045,3613.5306464625173,2.83133769134452,7958.436699428255,68893.45982837689,4381.14778321911,"synthetic projection (imputed SOC, calibrated weights, single seed)"
E14001125,Brentwood and Ongar,Eastern,-0.34638953,66.06030163765446,2514.02964028353,2.5533822538284796,9912.701221882,47845.27795795117,3160.673493839675,"synthetic projection (imputed SOC, calibrated weights, single seed)"
E14001126,Bridgwater,South West,1.6539325,71.3299017258023,2108.2104587184513,2.0937764200734508,13942.131106503877,46199.30398584128,3295.391813110525,"synthetic projection (imputed SOC, calibrated weights, single seed)"
E14001127,Bridlington and The Wolds,Yorkshire and the Humber,2.9133713,62.801957214567395,2359.973526518268,2.486400569049766,9085.64441005753,41129.95552904189,2583.041707371948,"synthetic projection (imputed SOC, calibrated weights, single seed)"
E14001128,Brigg and Immingham,Yorkshire and the Humber,0.95149255,64.1928222067604,1958.571620540035,2.081750085870141,13297.082697690854,43462.32189695504,2789.969102224224,"synthetic projection (imputed SOC, calibrated weights, single seed)"
E14001129,Brighton Kemptown and Peacehaven,South East,1.0795773,62.06184885630964,2346.363137797449,2.321465805169373,12148.403257416978,43256.922651365996,2684.6045955781533,"synthetic projection (imputed SOC, calibrated weights, single seed)"
E14001130,Brighton Pavilion,South East,0.38418385,63.627944125619834,2467.8406165878187,2.1783610431659204,13972.255536379467,48630.63914865156,3094.2675905435817,"synthetic projection (imputed SOC, calibrated weights, single seed)"
E14001131,Bristol Central,South West,-2.3060942,75.57085434856987,3351.9637770935733,3.3027154792860127,11874.604710536561,51310.24147362593,3877.558784993334,"synthetic projection (imputed SOC, calibrated weights, single seed)"
E14001132,Bristol East,South West,-0.47234514,67.70893436475698,2922.522195093683,2.625396868340274,12988.08828020444,56397.09930193923,3818.5874949976856,"synthetic projection (imputed SOC, calibrated weights, single seed)"
E14001133,Bristol North East,South West,0.1383336,63.16895399358754,3089.889368285567,3.1244845377048613,10356.53276733163,50266.582129829665,3175.2874139740998,"synthetic projection (imputed SOC, calibrated weights, single seed)"
E14001134,Bristol North West,South West,-1.0735402,68.03258362505706,3285.946162729808,3.0177336161023405,13283.519252839698,54301.860856296145,3694.29588970218,"synthetic projection (imputed SOC, calibrated weights, single seed)"
E14001135,Bristol South,South West,-0.46318424,67.7932477742758,2358.680318079947,2.229181201813873,16080.684359747356,50776.89085730193,3442.330343096429,"synthetic projection (imputed SOC, calibrated weights, single seed)"
E14001136,Broadland and Fakenham,Eastern,2.2949336,63.15987979573274,2865.804355828852,2.9683126579241392,9401.697017651366,41467.5271331791,2619.084029157878,"synthetic projection (imputed SOC, calibrated weights, single seed)"
E14001137,Bromley and Biggin Hill,London,-3.1712282,90.71536236778876,3356.638549147414,3.3140174237712876,13262.781519345443,49798.10454359351,4517.453098901113,"synthetic projection (imputed SOC, calibrated weights, single seed)"
E14001138,Bromsgrove,West Midlands,0.66065836,62.18526805875141,3015.799016818819,2.9716591129841397,8191.135788107038,51777.63875188872,3219.806345235395,"synthetic projection (imputed SOC, calibrated weights, single seed)"
E14001139,Broxbourne,Eastern,-0.48475453,66.04658185766932,2634.4552570431842,2.422151897094836,14193.422553061537,53338.14208611821,3522.8019674268035,"synthetic projection (imputed SOC, calibrated weights, single seed)"
E14001140,Broxtowe,East Midlands,0.9480154,66.53664405386803,3161.313945216305,3.14949949905261,12278.860973059267,47789.15949109041,3179.730294692212,"synthetic projection (imputed SOC, calibrated weights, single seed)"
E14001141,Buckingham and Bletchley,South East,-1.9337274,76.6520220779769,4235.858689658344,4.0664777354290464,8245.87345675924,56699.75465756118,4346.150845827253,"synthetic projection (imputed SOC, calibrated weights, single seed)"
E14001142,Burnley,North West,0.6339702,69.92401110849013,2171.972963227221,1.9936517889905538,19512.221378428854,46411.86715919485,3245.303914805309,"synthetic projection (imputed SOC, calibrated weights, single seed)"
E14001143,Burton and Uttoxeter,West Midlands,1.0342958,64.25906007831466,4555.191828850435,4.015602689201111,9295.165968135041,57608.275725733605,3701.8536508680318,"synthetic projection (imputed SOC, calibrated weights, single seed)"
E14001144,Bury North,North West,1.4539891,61.659840099168356,2360.1553851934077,2.3159815514887803,12210.31675735005,46094.35496796429,2842.1705567989848,"synthetic projection (imputed SOC, calibrated weights, single seed)"
E14001145,Bury South,North West,0.9812912,57.86812194842078,2984.918197971492,2.789567381643199,12883.560861252297,51485.12764629645,2979.347645165893,"synthetic projection (imputed SOC, calibrated weights, single seed)"
E14001146,Bury St Edmunds and Stowmarket,Eastern,1.0864937,63.23241473453025,2860.8900320101093,2.7569351235193094,11623.259488180443,49743.86795770917,3145.424889201576,"synthetic projection (imputed SOC, calibrated weights, single seed)"
E14001147,Calder Valley,Yorkshire and the Humber,1.4509366,60.9007719558742,2665.9448623232493,2.490939218331454,13097.22564728508,51157.71976819624,3115.5446253854366,"synthetic projection (imputed SOC, calibrated weights, single seed)"
E14001148,Camborne and Redruth,South West,1.8701783,62.41099932359323,2538.3954104851837,2.5030116574565375,15043.681299069132,41827.48430663764,2610.495094769168,"synthetic projection (imputed SOC, calibrated weights, single seed)"
E14001149,Cambridge,Eastern,-3.4472892,84.77820111979204,4606.121765375417,4.1325421891541705,10091.044780548995,63112.29859147896,5350.547143120772,"synthetic projection (imputed SOC, calibrated weights, single seed)"
E14001150,Cannock Chase,West Midlands,2.6848834,56.956992757908395,2975.2013510348697,2.8176101806073515,10843.059036251085,48369.267411203706,2754.968013645264,"synthetic projection (imputed SOC, calibrated weights, single seed)"
E14001151,Canterbury,South East,0.39314118,74.37801798309577,2672.632774767266,2.305307768010866,16619.22421046347,45685.39577252681,3397.989188333847,"synthetic projection (imputed SOC, calibrated weights, single seed)"
E14001152,Carlisle,North West,0.9422142,62.04087925782871,2497.126585662114,2.3821637304144105,13211.68998065623,51541.66909856505,3197.6904692910357,"synthetic projection (imputed SOC, calibrated weights, single seed)"
E14001153,Carshalton and Wallington,London,0.9794707,67.03851416218009,3644.675218125445,3.3940979059352605,10541.025286334778,49250.30645428646,3301.6673667273926,"synthetic projection (imputed SOC, calibrated weights, single seed)"
E14001154,Castle Point,Eastern,1.7670817,61.42471303932134,2397.575612908284,2.5584854668060704,11001.028311636495,42731.1564752187,2624.749024328646,"synthetic projection (imputed SOC, calibrated weights, single seed)"
E14001155,Central Devon,South West,2.4715025,61.752347756885946,2893.7140696447677,2.9843705818137316,8839.750237365311,41207.204025303654,2544.6415930595017,"synthetic projection (imputed SOC, calibrated weights, single seed)"
E14001156,Central Suffolk and North Ipswich,Eastern,1.7630943,61.9804195768915,2541.2719229228533,2.6542658043641247,10537.989050037551,43780.55803651054,2713.5373564133724,"synthetic projection (imputed SOC, calibrated weights, single seed)"
E14001157,Chatham and Aylesford,South East,0.6325292,59.99303284105618,2795.2754302742796,2.5413906687858363,15239.354818006826,52101.16234806693,3125.706743804779,"synthetic projection (imputed SOC, calibrated weights, single seed)"
E14001158,Cheadle,North West,0.80967,63.328319400973704,3049.088830023542,3.2145837590970907,7374.201967004517,46341.33385903194,2934.7187920919323,"synthetic projection (imputed SOC, calibrated weights, single seed)"
E14001159,Chelmsford,Eastern,-0.7548493,68.84179999650641,3820.143430166754,3.533110677006785,11866.998745219935,53562.963983961155,3687.37085380393,"synthetic projection (imputed SOC, calibrated weights, single seed)"
E14001160,Chelsea and Fulham,London,-4.2563434,96.80793994528658,4894.241423309126,3.7547145377285083,13923.541941925338,67137.64037633242,6499.456657620236,"synthetic projection (imputed SOC, calibrated weights, single seed)"
E14001161,Cheltenham,South West,0.2897343,67.05698637269806,3174.4741684215332,3.1261002777086833,12063.272107641407,49021.43540136479,3287.2297256794172,"synthetic projection (imputed SOC, calibrated weights, single seed)"
E14001162,Chesham and Amersham,South East,-3.548257,100.93777253558333,3774.3202043998936,3.7621699526085846,11543.10910374807,49576.45451791465,5004.136889249962,"synthetic projection (imputed SOC, calibrated weights, single seed)"
E14001163,Chester North and Neston,North West,-0.62744725,72.8327860825105,2287.686814122688,2.424238014200742,13517.545598595785,44007.71253203853,3205.2043128265786,"synthetic projection (imputed SOC, calibrated weights, single seed)"
E14001164,Chester South and Eddisbury,North West,0.63837767,67.13630395193795,2260.416015943494,2.416470031965837,11348.328644072111,44428.06061911961,2982.7357817203388,"synthetic projection (imputed SOC, calibrated weights, single seed)"
E14001165,Chesterfield,East Midlands,2.1829848,60.9118814972686,2694.3392933145515,2.772708491956801,10385.801349830272,43885.09855742368,2673.1239228257446,"synthetic projection (imputed SOC, calibrated weights, single seed)"
E14001166,Chichester,South East,-0.20215337,76.78928661547388,2095.205010153055,2.026178546863835,14788.80365085699,49234.626558174365,3780.6918501814735,"synthetic projection (imputed SOC, calibrated weights, single seed)"
E14001167,Chingford and Woodford Green,London,-2.5701957,83.52869508629966,3595.0881242624564,3.207445108980233,13926.742572625111,56410.46859254516,4711.892830741988,"synthetic projection (imputed SOC, calibrated weights, single seed)"
E14001168,Chippenham,South West,-0.22188438,70.3714165547392,2605.1041174251186,2.5968731129282023,14004.180662281258,49799.03936407989,3504.4289431155203,"synthetic projection (imputed SOC, calibrated weights, single seed)"
E14001169,Chipping Barnet,London,0.2061349,61.85328791065152,2709.5357434457947,2.3464576296627175,10326.048068559889,55555.287588425126,3436.2771981659043,"synthetic projection (imputed SOC, calibrated weights, single seed)"
E14001170,Chorley,North West,1.0417267,64.08441333846999,4037.470886861007,3.890971422953822,9241.066193944718,52921.068451169245,3391.415624938193,"synthetic projection (imputed SOC, calibrated weights, single seed)"
E14001171,Christchurch,South West,2.70128,70.88007602896052,1790.0549062243153,2.0456621246132594,10434.669400403789,35019.082099357496,2482.1552016668697,"synthetic projection (imputed SOC, calibrated weights, single seed)"
E14001172,Cities of London and Westminster,London,-0.6548219,66.84304201990084,3864.638150223065,2.3033911940896576,14886.067995418502,77188.92574268191,5159.542606889092,"synthetic projection (imputed SOC, calibrated weights, single seed)"
E14001173,City of Durham,North East,0.67661977,71.46860045658879,2325.104834153666,2.0822512994356623,18416.28282697129,44754.582256755086,3198.547357909567,"synthetic projection (imputed SOC, calibrated weights, single seed)"
E14001174,Clacton,Eastern,3.996895,62.5255818737484,1522.6609661928924,1.5512606664771054,14977.120900862403,34603.07374682428,2163.5773206404156,"synthetic projection (imputed SOC, calibrated weights, single seed)"
E14001175,Clapham and Brixton Hill,London,-1.3743329,68.0010482204535,3170.496499859619,2.851624911329754,6409.615928120653,65055.97753343347,4423.874665279749,"synthetic projection (imputed SOC, calibrated weights, single seed)"
E14001176,Colchester,Eastern,0.6717046,58.632583782661364,3366.165616589402,2.7733680299021737,11556.881211548229,59692.62268194728,3499.9327006060657,"synthetic projection (imputed SOC, calibrated weights, single seed)"
E14001177,Colne Valley,Yorkshire and the Humber,0.033375856,68.74571501332518,2809.9622572498374,2.8756122676633717,11991.93250190148,48162.823597611656,3310.987745278464,"synthetic projection (imputed SOC, calibrated weights, single seed)"
E14001178,Congleton,North West,-1.830767,86.19434750624477,2658.779350980727,2.976890565042814,10871.742917086973,45088.12671342102,3886.3416623422095,"synthetic projection (imputed SOC, calibrated weights, single seed)"
E14001179,Corby and East Northamptonshire,East Midlands,0.32380176,63.94337788894179,3539.6873095458723,2.997392087354519,14577.490458062612,59322.054785659915,3793.2525663079596,"synthetic projection (imputed SOC, calibrated weights, single seed)"
E14001180,Coventry East,West Midlands,1.1983403,59.6694586639947,2544.4157836798186,1.9768430012091038,20048.837056450186,54758.33168586627,3267.400009039109,"synthetic projection (imputed SOC, calibrated weights, single seed)"
E14001181,Coventry North West,West Midlands,0.40062836,67.10365202927456,2250.7941715367815,1.91759717774723,20545.40038699172,50589.077058331735,3394.7118234044497,"synthetic projection (imputed SOC, calibrated weights, single seed)"
E14001182,Coventry South,West Midlands,0.43872353,69.56802107268292,2245.37140049327,1.6705750544130331,23683.333067789757,51837.493888027675,3606.231867157382,"synthetic projection (imputed SOC, calibrated weights, single seed)"
E14001183,Cramlington and Killingworth,North East,1.391194,59.26283910290479,2414.505501520056,2.4369209118679542,12420.194004520485,47462.4014312464,2812.7566594574337,"synthetic projection (imputed SOC, calibrated weights, single seed)"
E14001184,Crawley,South East,-0.10603977,61.342356962158576,3654.3599582566203,3.19274879342719,12863.76514144151,57686.89191966271,3538.649916173411,"synthetic projection (imputed SOC, calibrated weights, single seed)"
E14001185,Crewe and Nantwich,North West,1.12178,58.48881739177002,3105.9013120246236,2.856742726374443,11266.837164766264,54842.41992465017,3207.6682842956334,"synthetic projection (imputed SOC, calibrated weights, single seed)"
E14001186,Croydon East,London,-0.30351204,62.29640667864542,3149.9963625946802,2.934006388023747,12510.473418255227,54469.46352215916,3393.251851144069,"synthetic projection (imputed SOC, calibrated weights, single seed)"
E14001187,Croydon South,London,0.27052578,60.137547349907976,3128.4190280115545,3.0672854498189475,7298.378705340124,53457.48916293997,3214.802285743495,"synthetic projection (imputed SOC, calibrated weights, single seed)"
E14001188,Croydon West,London,0.6309236,59.68080020138026,3461.7861712596678,2.7159466309961733,12664.910606896554,62954.80029535945,3757.192858145142,"synthetic projection (imputed SOC, calibrated weights, single seed)"
E14001189,Dagenham and Rainham,London,-0.54418176,66.86210150880667,3022.732673952294,2.483922161533202,19006.56110386829,54511.10029513335,3644.7267212899474,"synthetic projection (imputed SOC, calibrated weights, single seed)"
E14001190,Darlington,North East,0.99313545,61.31727473726272,2932.1213259158358,2.915068956909933,12219.540048774667,48715.47746546846,2987.1003157070604,"synthetic projection (imputed SOC, calibrated weights, single seed)"
E14001191,Dartford,South East,0.09323947,60.570676305508115,3160.6964655925804,2.8581274711366933,12220.79513380687,54821.98025273918,3320.604420315623,"synthetic projection (imputed SOC, calibrated weights, single seed)"
E14001192,Daventry,East Midlands,-0.6323806,68.94714215587072,3154.5861475926395,2.945918168096428,10573.93626905508,57784.80281718004,3984.0970142850706,"synthetic projection (imputed SOC, calibrated weights, single seed)"
E14001193,Derby North,East Midlands,1.0883666,63.085639241076706,2876.4258948680144,2.7732946624103407,11407.729835186778,48130.33203663969,3036.332763416688,"synthetic projection (imputed SOC, calibrated weights, single seed)"
E14001194,Derby South,East Midlands,1.046366,62.02401388053986,2868.370843086592,2.4160524445193623,19793.328430177204,49502.509495119295,3070.3443360468355,"synthetic projection (imputed SOC, calibrated weights, single seed)"
E14001195,Derbyshire Dales,East Midlands,1.3105706,60.19653779687971,1670.4160796261822,1.785971903770314,11732.48977002355,43605.600068201944,2624.9061526611385,"synthetic projection (imputed SOC, calibrated weights, single seed)"
E14001196,Dewsbury and Batley,Yorkshire and the Humber,2.3384078,63.93345068358894,3232.527185276369,2.9901569376412596,14555.916284273175,46022.7307525045,2942.3919868893386,"synthetic projection (imputed SOC, calibrated weights, single seed)"
E14001197,Didcot and Wantage,South East,-0.00761128,61.01818725661284,3268.784883289096,3.112322441192597,7526.412576122539,55696.17117601015,3398.47940229415,"synthetic projection (imputed SOC, calibrated weights, single seed)"
E14001198,Doncaster Central,Yorkshire and the Humber,0.7699086,67.59085788185898,3277.726099739997,2.7888739673223326,15127.91007194595,54861.72392975679,3708.1509852899726,"synthetic projection (imputed SOC, calibrated weights, single seed)"
E14001199,Doncaster East and the Isle of Axholme,Yorkshire and the Humber,0.6250266,65.69208553704308,2326.438989901417,2.3606072613606277,14544.323832591526,45600.64698892258,2995.601602540808,"synthetic projection (imputed SOC, calibrated weights, single seed)"
E14001200,Doncaster North,Yorkshire and the Humber,1.6439322,61.77989687318726,2415.659711179738,2.3848079177859156,15622.904225095586,42564.699801397444,2629.642764168508,"synthetic projection (imputed SOC, calibrated weights, single seed)"
E14001201,Dorking and Horley,South East,-1.7345076,85.89901472585254,3278.6549505879666,3.3281666742859137,8940.864042434505,50103.59618698331,4303.8495466838485,"synthetic projection (imputed SOC, calibrated weights, single seed)"
E14001202,Dover and Deal,South East,2.6889381,63.03212281062023,3172.72097111071,2.9973315036576764,11909.186917512643,44923.578259289614,2831.628501932052,"synthetic projection (imputed SOC, calibrated weights, single seed)"
E14001203,Droitwich and Evesham,West Midlands,1.5087813,60.23600867928839,2967.854766366181,2.8846427394266865,8444.281878848436,51822.28202682466,3121.5674299483408,"synthetic projection (imputed SOC, calibrated weights, single seed)"
E14001204,Dudley,West Midlands,0.0063075903,69.3760962053045,2336.3693258131934,2.2614739528067274,19083.07087813079,44014.613727029224,3053.5620763656957,"synthetic projection (imputed SOC, calibrated weights, single seed)"
E14001205,Dulwich and West Norwood,London,-1.1809455,67.74293694941323,3390.108369436537,3.036284925681168,6752.840611955076,59232.31625662311,4012.5710655401235,"synthetic projection (imputed SOC, calibrated weights, single seed)"
E14001206,Dunstable and Leighton Buzzard,Eastern,0.7144375,58.97252361176459,3404.7463249949324,3.0061808858432184,8056.768086805264,61264.63615656011,3612.930202308908,"synthetic projection (imputed SOC, calibrated weights, single seed)"
E14001207,Ealing Central and Acton,London,-2.9830155,85.90031849084684,4337.263210149391,3.2863483960883944,13142.628738334382,72001.17115936478,6184.923534303411,"synthetic projection (imputed SOC, calibrated weights, single seed)"
E14001208,Ealing North,London,0.12814437,61.31802017730852,3536.4357752617507,2.982872678945188,13181.37968209531,58536.12879171767,3589.319526352074,"synthetic projection (imputed SOC, calibrated weights, single seed)"
E14001209,Ealing Southall,London,-0.25592393,60.40579703580815,3934.0835755940752,3.3835343000969322,10320.787049230297,60858.48359856887,3676.2052081622105,"synthetic projection (imputed SOC, calibrated weights, single seed)"
E14001210,Earley and Woodley,South East,-2.8055868,83.4710115748449,4369.046667898128,4.184470423233123,10083.601064539553,55571.55247348003,4638.6136997459525,"synthetic projection (imputed SOC, calibrated weights, single seed)"
E14001211,Easington,North East,1.9904823,61.04948443800162,2514.873809625242,2.5731144669027115,11632.898316980196,45148.18174196653,2756.2732186602543,"synthetic projection (imputed SOC, calibrated weights, single seed)"
E14001212,East Grinstead and Uckfield,South East,0.60738784,63.7691604390765,2563.3797447251345,2.6237818308632157,9157.9770636375,46642.90949178082,2974.379178726695,"synthetic projection (imputed SOC, calibrated weights, single seed)"
E14001213,East Ham,London,1.4164126,57.03273202034347,3111.9337288296665,2.317876758116192,14819.14810534406,57168.588257777476,3260.480774087177,"synthetic projection (imputed SOC, calibrated weights, single seed)"
E14001214,East Hampshire,South East,0.44232166,62.762166711857276,2175.3706146626173,2.434882137026286,9192.777299251322,41918.966766047975,2630.9251805595077,"synthetic projection (imputed SOC, calibrated weights, single seed)"
E14001215,East Surrey,South East,-0.32227218,63.3599120234315,2833.274206213391,2.7774593212893475,6774.2512621310325,52356.35127853592,3317.2938108759113,"synthetic projection (imputed SOC, calibrated weights, single seed)"
E14001216,East Thanet,South East,2.318013,62.421325728229064,3014.566605202097,2.795694713001432,12310.788936990459,43077.157031323695,2688.9332504983295,"synthetic projection (imputed SOC, calibrated weights, single seed)"
E14001217,East Wiltshire,South West,1.0586064,60.182227146349334,3184.9227452055384,3.1209853215111965,10062.014703705827,49720.205691419964,2992.2727126842474,"synthetic projection (imputed SOC, calibrated weights, single seed)"
E14001218,East Worthing and Shoreham,South East,1.4623431,64.36092614245936,3525.9275236547765,3.4359966443759964,12085.126423362683,45924.47090336564,2955.74147994304,"synthetic projection (imputed SOC, calibrated weights, single seed)"
E14001219,Eastbourne,South East,2.756552,63.48424659446035,2634.3610978262695,2.542950018130553,13351.800211451822,41049.678907717534,2606.0079384009578,"synthetic projection (imputed SOC, calibrated weights, single seed)"
E14001220,Eastleigh,South East,-0.24562043,62.756967660675,2844.2386054185336,2.9495132616828563,9062.423205493153,50279.38492028229,3155.3817334407863,"synthetic projection (imputed SOC, calibrated weights, single seed)"
E14001221,Edmonton and Winchmore Hill,London,1.563476,61.402822800156265,3508.0334935125975,2.7194120230154875,16748.33963168993,51658.53790715211,3171.9800492280165,"synthetic projection (imputed SOC, calibrated weights, single seed)"
E14001222,Ellesmere Port and Bromborough,North West,0.68729013,62.16743643329704,1810.757081525222,1.8947480407268211,13008.82561902927,46671.74550642056,2901.462772001417,"synthetic projection (imputed SOC, calibrated weights, single seed)"
E14001223,Eltham and Chislehurst,London,-0.67366576,65.97382962357293,3193.9815816412265,2.84214302022873,12642.716590014781,53667.945587994516,3540.6798984695324,"synthetic projection (imputed SOC, calibrated weights, single seed)"
E14001224,Ely and East Cambridgeshire,Eastern,-0.13883822,65.40661633119872,3544.3367897224307,3.3276966055278074,8472.580876760185,56599.58121323548,3701.987092920616,"synthetic projection (imputed SOC, calibrated weights, single seed)"
E14001225,Enfield North,London,1.2069987,59.23212216007905,3244.027979841525,2.4852061635832987,17617.990980507006,54852.92097464984,3249.0549160076216,"synthetic projection (imputed SOC, calibrated weights, single seed)"
E14001226,Epping Forest,Eastern,-0.49102485,63.194953101176935,2126.472108338079,2.0692825787912046,11575.742281531833,50563.62946623513,3195.366192744017,"synthetic projection (imputed SOC, calibrated weights, single seed)"
E14001227,Epsom and Ewell,South East,-2.393667,91.3197565142139,3814.331723260333,3.3699865854281916,14585.21307733648,54958.4497649415,5018.792250933115,"synthetic projection (imputed SOC, calibrated weights, single seed)"
E14001228,Erewash,East Midlands,1.0686744,62.88710634900772,3281.4982395295483,3.3022583573204156,9350.792425243097,50682.77702512611,3187.293188842151,"synthetic projection (imputed SOC, calibrated weights, single seed)"
E14001229,Erith and Thamesmead,London,0.99278104,56.381881146106835,3707.5473210511736,2.578408323918332,16711.58167183458,67913.33968885762,3829.0818465723505,"synthetic projection (imputed SOC, calibrated weights, single seed)"
E14001230,Esher and Walton,South East,-3.7599244,95.20602706020067,3085.6531864090284,2.976146934612376,7675.601751157075,51848.13788987985,4936.255218964917,"synthetic projection (imputed SOC, calibrated weights, single seed)"
E14001231,Exeter,South West,0.56723607,69.15804208082493,2798.3357724055386,2.6201686718527073,13304.475836310878,47181.62341704529,3262.988697717653,"synthetic projection (imputed SOC, calibrated weights, single seed)"
E14001232,Exmouth and Exeter East,South West,1.5324644,60.06438846199542,2571.438176843898,2.628474888156656,10935.100990354613,44377.662867256484,2665.5171814943633,"synthetic projection (imputed SOC, calibrated weights, single seed)"
E14001233,Fareham and Waterlooville,South East,0.88309175,64.59346980188504,3661.9512047275384,3.5851314399354544,9303.226219742797,50796.40830669989,3281.1162660030413,"synthetic projection (imputed SOC, calibrated weights, single seed)"
E14001234,Farnham and Bordon,South East,-1.6340083,79.90401285405443,3167.9698844044433,3.174055720422132,10193.732259962271,50360.06669217326,4023.9714163024505,"synthetic projection (imputed SOC, calibrated weights, single seed)"
E14001235,Faversham and Mid Kent,South East,1.061116,57.925955713582844,3005.4843942590815,2.9628177478357394,8824.722496036902,52364.481474554756,3033.2626348597882,"synthetic projection (imputed SOC, calibrated weights, single seed)"
E14001236,Feltham and Heston,London,0.16182174,64.01847091539626,5405.082826856276,4.2370501504039,12440.963962293285,64828.720763498444,4150.2355746803705,"synthetic projection (imputed SOC, calibrated weights, single seed)"
E14001237,Filton and Bradley Stoke,South West,-0.016184323,63.96897056710212,3894.1927358657995,3.511287754967131,10263.3804058184,58225.98619101605,3724.6563968936002,"synthetic projection (imputed SOC, calibrated weights, single seed)"
E14001238,Finchley and Golders Green,London,0.13509966,65.51313243187772,3051.9078291157457,2.255961054543042,13297.825109745223,61001.74712787257,3996.415538164232,"synthetic projection (imputed SOC, calibrated weights, single seed)"
E14001239,Folkestone and Hythe,South East,2.2176766,58.61588858924045,2031.8031366655669,2.0981674978067106,13280.898602073565,39309.86544513609,2304.18269339013,"synthetic projection (imputed SOC, calibrated weights, single seed)"
E14001240,Forest of Dean,South West,0.7150433,70.16916061574685,2257.0949211360676,2.370129700846106,14258.14571970806,43274.98788178283,3036.5695753213176,"synthetic projection (imputed SOC, calibrated weights, single seed)"
E14001241,Frome and East Somerset,South West,1.6333246,59.361455098674945,2422.0080511691303,2.62277585454872,9075.255900553191,42310.26001171518,2511.5985998986926,"synthetic projection (imputed SOC, calibrated weights, single seed)"
E14001242,Fylde,North West,0.22011012,69.19946633310568,2242.8560728165176,2.2745809284635126,14729.683763154004,48465.80233770031,3353.8076571746474,"synthetic projection (imputed SOC, calibrated weights, single seed)"
E14001243,Gainsborough,East Midlands,1.3851323,62.85278979896821,1981.2668175780127,2.0107269866530704,12452.155860836214,46834.33028580574,2943.668316829199,"synthetic projection (imputed SOC, calibrated weights, single seed)"
E14001244,Gateshead Central and Whickham,North East,1.3695204,65.20743944326476,2905.419969181432,2.717481187707168,13208.377545723552,49595.22458246452,3233.9776036361714,"synthetic projection (imputed SOC, calibrated weights, single seed)"
E14001245,Gedling,East Midlands,0.7618376,64.88361058171604,2954.731773047508,2.8461900176810278,14048.058038261792,50165.84808600942,3254.94135171416,"synthetic projection (imputed SOC, calibrated weights, single seed)"
E14001246,Gillingham and Rainham,South East,0.5525931,63.40250057945975,3403.3001372151375,3.2795656499493306,9447.043078840568,51739.87018823612,3280.4371495908126,"synthetic projection (imputed SOC, calibrated weights, single seed)"
E14001247,Glastonbury and Somerton,South West,1.8841304,67.18253391673471,2724.3085535757637,2.9450962426866463,9029.507971015726,40813.826536210225,2741.9762855406707,"synthetic projection (imputed SOC, calibrated weights, single seed)"
E14001248,Gloucester,South West,0.6376336,65.25100271920321,4879.822379184978,4.219133916445199,10665.835679855234,57911.53408675814,3778.785668168285,"synthetic projection (imputed SOC, calibrated weights, single seed)"
E14001249,Godalming and Ash,South East,-2.5548127,88.24957871968391,3553.63441261102,3.5627095619547084,9955.095825423909,50220.108945336106,4431.903457682541,"synthetic projection (imputed SOC, calibrated weights, single seed)"
E14001250,Goole and Pocklington,Yorkshire and the Humber,0.9926516,62.07780274991283,2894.008397456717,2.729088685384699,13775.34545838942,51447.74537542477,3193.7629893433586,"synthetic projection (imputed SOC, calibrated weights, single seed)"
E14001251,Gorton and Denton,North West,0.9571637,62.704701214209145,2637.9407376763775,2.288377919575444,17245.373042377483,49153.35085378123,3082.1461789635437,"synthetic projection (imputed SOC, calibrated weights, single seed)"
E14001252,Gosport,South East,1.3934213,67.66286922069814,3220.180719205244,3.2187435240468267,10142.699552505124,47081.76263220685,3185.687147662965,"synthetic projection (imputed SOC, calibrated weights, single seed)"
E14001253,Grantham and Bourne,East Midlands,1.482902,62.9705903907353,3509.5466264165443,3.439943997396131,9592.401866448996,49424.36234857967,3112.281276775691,"synthetic projection (imputed SOC, calibrated weights, single seed)"
E14001254,Gravesham,South East,0.7977788,60.635041009265365,3609.813246474321,3.2934320576376193,11112.660813046805,53302.138050747184,3231.9773265885797,"synthetic projection (imputed SOC, calibrated weights, single seed)"
E14001255,Great Grimsby and Cleethorpes,Yorkshire and the Humber,1.3019826,60.58236568622744,2621.5049277328835,2.368913284702031,15069.791851944487,51248.1661606113,3104.7351430907,"synthetic projection (imputed SOC, calibrated weights, single seed)"
E14001256,Great Yarmouth,Eastern,1.4571041,67.51568587505899,1965.0892555153187,1.9596227088788614,16198.919971239822,43099.4790316814,2909.890887681693,"synthetic projection (imputed SOC, calibrated weights, single seed)"
E14001257,Greenwich and Woolwich,London,-2.4687662,76.9469714593647,4104.811146746702,3.3904996130005167,9209.224731103364,66028.78627069267,5080.715132667481,"synthetic projection (imputed SOC, calibrated weights, single seed)"
E14001258,Guildford,South East,-2.1239803,82.96717518922401,3190.3039207203547,2.8926259693697616,14150.452204608739,53484.96159739864,4437.496178840291,"synthetic projection (imputed SOC, calibrated weights, single seed)"
E14001259,Hackney North and Stoke Newington,London,-1.4417937,73.76084248624721,4195.6143028243205,3.1671175625945174,17211.05225982987,61055.652265077704,4503.51634961948,"synthetic projection (imputed SOC, calibrated weights, single seed)"
E14001260,Hackney South and Shoreditch,London,-2.284059,76.79977064166724,4623.7837665216975,3.5558225655442066,13697.432836211394,65733.8410641118,5048.343917119593,"synthetic projection (imputed SOC, calibrated weights, single seed)"
E14001261,Halesowen,West Midlands,1.6616842,62.79044380216717,2769.0329114068554,2.9267653581930513,10394.941114091776,43382.9751199195,2724.036261238122,"synthetic projection (imputed SOC, calibrated weights, single seed)"
E14001262,Halifax,Yorkshire and the Humber,2.5084648,63.88930994492422,3317.917873638351,3.0099805087466556,14759.737604244743,46265.23190707447,2955.8537409848786,"synthetic projection (imputed SOC, calibrated weights, single seed)"
E14001263,Hamble Valley,South East,0.61831766,65.02250873946976,2865.032400571774,2.7303191953588155,10302.430866597304,53403.75944028308,3472.446414926347,"synthetic projection (imputed SOC, calibrated weights, single seed)"
E14001264,Hammersmith and Chiswick,London,-1.1453592,68.80999119961041,3217.6113116085326,2.7379016205544895,7935.902553139665,64636.309748305,4447.623904956159,"synthetic projection (imputed SOC, calibrated weights, single seed)"
E14001265,Hampstead and Highgate,London,-0.2688804,64.82914590548322,2809.462626387194,1.9873927194435137,12810.199342032642,61874.707788415064,4011.2844590742993,"synthetic projection (imputed SOC, calibrated weights, single seed)"
E14001266,"Harborough, Oadby and Wigston",East Midlands,1.3770524,62.80484152166963,3070.348650469201,3.007437633192461,8492.429060907474,49700.21808412955,3121.414320366175,"synthetic projection (imputed SOC, calibrated weights, single seed)"
E14001267,Harlow,Eastern,0.27569792,60.94676547049163,4194.120313135321,3.9175723429430396,8469.377619352275,56262.21152172391,3428.9998104656993,"synthetic projection (imputed SOC, calibrated weights, single seed)"
E14001268,Harpenden and Berkhamsted,Eastern,-2.9113312,89.6017846987342,3248.74077479637,3.2975843507264515,10234.600379015295,50299.734206431836,4506.945954768262,"synthetic projection (imputed SOC, calibrated weights, single seed)"
E14001269,Harrogate and Knaresborough,Yorkshire and the Humber,0.15223457,61.801622264977496,2952.2521353456177,2.8556073095149133,11346.835005472401,54279.85335596735,3354.582993703865,"synthetic projection (imputed SOC, calibrated weights, single seed)"
E14001270,Harrow East,London,0.6429864,60.952944500796185,3114.700692145245,2.697568863007626,10869.257618243948,53639.47723681659,3269.4840790674016,"synthetic projection (imputed SOC, calibrated weights, single seed)"
E14001271,Harrow West,London,-0.63530487,68.0396979476261,3555.4132558658566,2.971264524446919,15076.758015768106,55954.950331017244,3807.1579191968344,"synthetic projection (imputed SOC, calibrated weights, single seed)"
E14001272,Hartlepool,North East,0.27689412,63.41785660200411,1596.5990063600439,1.694573749188338,18091.963611140334,39818.63583023382,2525.212537169191,"synthetic projection (imputed SOC, calibrated weights, single seed)"
E14001273,Harwich and North Essex,Eastern,-0.62246865,76.4190207067255,3514.183362773274,3.3925981043410554,15784.796037181191,45590.165902514935,3483.9558321273403,"synthetic projection (imputed SOC, calibrated weights, single seed)"
E14001274,Hastings and Rye,South East,1.3215681,68.94226168082952,2184.7148169637912,2.028685785152941,19250.28777266597,42641.46808541419,2939.7992511993657,"synthetic projection (imputed SOC, calibrated weights, single seed)"
E14001275,Havant,South East,-0.548384,71.83167321444184,2040.68030413011,2.08341072060736,19842.216392475246,41162.59783965557,2956.7782766756286,"synthetic projection (imputed SOC, calibrated weights, single seed)"
E14001276,Hayes and Harlington,London,0.07324442,68.25336685901345,4096.227951012304,3.1282373345110694,20497.81202139709,57341.77702370742,3913.769343546851,"synthetic projection (imputed SOC, calibrated weights, single seed)"
E14001277,Hazel Grove,North West,-1.4473723,76.57782275357744,2213.240841511277,2.196211475219787,17523.97699567586,48144.60578701353,3686.80908849878,"synthetic projection (imputed SOC, calibrated weights, single seed)"
E14001278,Hemel Hempstead,Eastern,-0.84221065,67.09519469540568,2990.8895813164054,2.789734384435951,12101.766913216583,53671.37543698549,3601.0913845147556,"synthetic projection (imputed SOC, calibrated weights, single seed)"
E14001279,Hendon,London,1.0741466,58.75394176880422,3245.523157460855,2.434641101782414,10823.70445366198,61658.20037334449,3622.6623143047445,"synthetic projection (imputed SOC, calibrated weights, single seed)"
E14001280,Henley and Thame,South East,-3.3337345,103.40747893815846,3599.00924181116,3.813115654627119,9036.626396299549,48321.10232709897,4996.763371158087,"synthetic projection (imputed SOC, calibrated weights, single seed)"
E14001281,Hereford and South Herefordshire,West Midlands,3.337737,55.8659040991865,2162.4595348494913,2.094820347529174,13245.155858401657,43432.17046534164,2426.377470036296,"synthetic projection (imputed SOC, calibrated weights, single seed)"
E14001282,Herne Bay and Sandwich,South East,1.730235,66.65097003295686,2323.6371775745174,2.3141685812479946,13474.539424655062,43187.87371383947,2878.5136766882397,"synthetic projection (imputed SOC, calibrated weights, single seed)"
E14001283,Hertford and Stortford,Eastern,-2.7966485,90.49284279611402,3723.8478852060034,3.3289042008317558,13130.955162015383,58598.06989485215,5302.705927150558,"synthetic projection (imputed SOC, calibrated weights, single seed)"
E14001284,Hertsmere,Eastern,-2.0663831,81.72696828670576,3654.1685963383716,3.3701166657740402,10544.475523244944,56784.574146512,4640.831090446079,"synthetic projection (imputed SOC, calibrated weights, single seed)"
E14001285,Hexham,North East,1.1877079,59.90517749229487,2010.5892041112274,2.144184984744966,12854.722603383461,43029.29557505608,2577.6775887921526,"synthetic projection (imputed SOC, calibrated weights, single seed)"
E14001286,Heywood and Middleton North,North West,1.2729701,65.38606276820293,3580.580737932589,3.476855084388418,11450.63357978722,47584.07648860204,3111.335412050702,"synthetic projection (imputed SOC, calibrated weights, single seed)"
E14001287,High Peak,East Midlands,0.83117855,59.57049395432345,2080.9472124812055,2.201225165868265,13659.735029189258,43687.72034760324,2602.4990808450725,"synthetic projection (imputed SOC, calibrated weights, single seed)"
E14001288,Hinckley and Bosworth,East Midlands,0.27134287,63.80547330513847,2473.549070576759,2.4235894041073296,12043.759080030917,52514.545274457865,3350.7154166409073,"synthetic projection (imputed SOC, calibrated weights, single seed)"
E14001289,Hitchin,Eastern,-2.5975497,88.3418413751876,3822.1337626581007,3.7158248114382713,8981.467166168615,54838.41674094955,4844.526712995397,"synthetic projection (imputed SOC, calibrated weights, single seed)"
E14001290,Holborn and St Pancras,London,0.31999817,61.54329976512485,2570.201675599037,1.7790539813480621,15240.796909517316,58606.55028367045,3606.8404923077933,"synthetic projection (imputed SOC, calibrated weights, single seed)"
E14001291,Honiton and Sidmouth,South West,1.8981456,61.779688133448616,2350.4910061452065,2.5492030874536717,9584.438207779702,39297.2975905615,2427.7747896322117,"synthetic projection (imputed SOC, calibrated weights, single seed)"
E14001292,Hornchurch and Upminster,London,0.072488196,60.85032064916179,3282.8441328220033,3.0474917933771217,7624.083595521168,54956.662953786436,3344.1305625458153,"synthetic projection (imputed SOC, calibrated weights, single seed)"
E14001293,Hornsey and Friern Barnet,London,-0.34160677,64.95024396560395,2312.2612786603713,2.1894986169131356,7300.082931541199,52779.565590614584,3428.0456615090125,"synthetic projection (imputed SOC, calibrated weights, single seed)"
E14001294,Horsham,South East,0.19099215,60.243787362022914,3196.286810409627,3.048006557294295,7741.898030771086,53383.3286919188,3216.0139023929332,"synthetic projection (imputed SOC, calibrated weights, single seed)"
E14001295,Houghton and Sunderland South,North East,1.521932,60.3870677285855,2522.432148335196,2.4350223035289345,14407.187891387763,46611.434268961224,2814.727838126272,"synthetic projection (imputed SOC, calibrated weights, single seed)"
E14001296,Hove and Portslade,South East,-0.47197953,72.33546155953918,3773.672817394974,3.6297764934370216,10367.659400133492,50829.15159070832,3676.750140993672,"synthetic projection (imputed SOC, calibrated weights, single seed)"
E14001297,Huddersfield,Yorkshire and the Humber,2.0093715,65.61621302408138,2810.21791031487,2.357532128339478,16274.485393938521,50716.26122001419,3327.808999997408,"synthetic projection (imputed SOC, calibrated weights, single seed)"
E14001298,Huntingdon,Eastern,0.17717597,64.23926420491154,3292.491871471306,2.9867604949407025,10957.64515308086,56926.759087360675,3656.9331173423116,"synthetic projection (imputed SOC, calibrated weights, single seed)"
E14001299,Hyndburn,North West,1.5980457,62.77504261891611,2015.497388322914,2.1077562838128645,14822.420163540539,39854.295948841,2501.855126735389,"synthetic projection (imputed SOC, calibrated weights, single seed)"
E14001300,Ilford North,London,0.83881927,59.68868616032647,2761.47118280844,2.3213195175181975,14046.42445960165,52911.03031359667,3158.1898828077915,"synthetic projection (imputed SOC, calibrated weights, single seed)"
E14001301,Ilford South,London,1.2987002,60.840812853108474,3460.338977151918,2.529334440784899,17730.152384496465,56453.88253859835,3434.7001023622306,"synthetic projection (imputed SOC, calibrated weights, single seed)"
E14001302,Ipswich,Eastern,1.2619741,55.76075151460762,3305.0461763661915,2.865305684532905,11953.988535575547,58396.70466820737,3256.244138275838,"synthetic projection (imputed SOC, calibrated weights, single seed)"
E14001303,Isle of Wight East,South East,2.601561,61.90514184824217,1427.9597667542403,1.9160132296885262,8764.242142274026,30968.490701247818,1917.1088096867147,"synthetic projection (imputed SOC, calibrated weights, single seed)"
E14001304,Isle of Wight West,South East,2.2512074,60.89962941916541,1468.1399155217805,2.0232806410450306,8666.947032146083,30156.155813021225,1836.4987137196033,"synthetic projection (imputed SOC, calibrated weights, single seed)"
E14001305,Islington North,London,-1.596707,71.03298937619836,3559.909987784009,2.9218505864875652,14767.362458951511,60224.85018771685,4277.951143567228,"synthetic projection (imputed SOC, calibrated weights, single seed)"
E14001306,Islington South and Finsbury,London,-0.90891373,62.72457196950564,3433.7599707954614,2.480617356783748,12718.456192872218,68649.42466340397,4306.005777964838,"synthetic projection (imputed SOC, calibrated weights, single seed)"
E14001307,Jarrow and Gateshead East,North East,1.3893102,63.93172272072865,2987.6923098571606,3.014111944566279,11074.603820026921,47826.08702897898,3057.6041347541213,"synthetic projection (imputed SOC, calibrated weights, single seed)"
E14001308,Keighley and Ilkley,Yorkshire and the Humber,2.1258364,61.152282135387516,3034.5266961439593,3.011596611287873,11613.48310086397,41825.56139518157,2557.7285309091153,"synthetic projection (imputed SOC, calibrated weights, single seed)"
E14001309,Kenilworth and Southam,West Midlands,-0.11681161,67.76867514044723,2603.800544870126,2.8086277105390858,7067.426651619705,49954.20650301274,3385.330392401487,"synthetic projection (imputed SOC, calibrated weights, single seed)"
E14001310,Kensington and Bayswater,London,-3.2511048,90.2336093351483,4861.330055634746,3.3148452445993244,17974.59057305394,67012.27903165546,6046.759806800349,"synthetic projection (imputed SOC, calibrated weights, single seed)"
E14001311,Kettering,East Midlands,0.20501612,61.38273653746644,3371.0919508859224,2.9823110760557023,12466.00661574147,58206.361591540786,3572.865758378054,"synthetic projection (imputed SOC, calibrated weights, single seed)"
E14001312,Kingston and Surbiton,London,0.22192596,65.6343941231316,3414.5328659592014,2.7131164867974715,11702.1324832998,58181.5899225729,3818.713403688572,"synthetic projection (imputed SOC, calibrated weights, single seed)"
E14001313,Kingston upon Hull East,Yorkshire and the Humber,1.8116721,59.51765112914323,3301.6613645500584,3.168094736480244,13736.889377643443,48187.544959214974,2868.0094896524615,"synthetic projection (imputed SOC, calibrated weights, single seed)"
E14001314,Kingston upon Hull North and Cottingham,Yorkshire and the Humber,0.5561607,62.20794391182992,3721.3304324043347,3.184929054960451,15481.018855053044,55983.828827440266,3482.638883666891,"synthetic projection (imputed SOC, calibrated weights, single seed)"
E14001315,Kingston upon Hull West and Haltemprice,Yorkshire and the Humber,0.76645935,64.71815561755488,3558.7253889257117,3.3665757883429364,11403.507457438664,54111.345256786226,3501.986463003931,"synthetic projection (imputed SOC, calibrated weights, single seed)"
E14001316,Kingswinford and South Staffordshire,West Midlands,1.1272045,58.723716962764584,2484.917049475098,2.6915342197414525,8953.810579228471,45426.630080699884,2667.6205674312278,"synthetic projection (imputed SOC, calibrated weights, single seed)"
E14001317,Knowsley,North West,1.0186014,54.93018741987615,2688.8313839776492,2.82232415538944,11337.70142458303,45922.87748050427,2522.5522668641092,"synthetic projection (imputed SOC, calibrated weights, single seed)"
E14001318,Lancaster and Wyre,North West,1.1413488,66.85557287276339,1670.7245360055167,1.7134045628217742,14685.075864130526,41523.37397435885,2776.068954665755,"synthetic projection (imputed SOC, calibrated weights, single seed)"
E14001319,Leeds Central and Headingley,Yorkshire and the Humber,0.15992941,71.19940783376035,2234.4386019533304,2.035307725198936,16208.1421300426,47254.12736450372,3364.465886053755,"synthetic projection (imputed SOC, calibrated weights, single seed)"
E14001320,Leeds East,Yorkshire and the Humber,0.5662721,59.3047319239089,2865.5089663680264,2.516733959976088,17908.573046258527,50698.18013670724,3006.641982037466,"synthetic projection (imputed SOC, calibrated weights, single seed)"
E14001321,Leeds North East,Yorkshire and the Humber,-1.3571081,73.36156605969643,2655.791532274354,2.799508666193619,14578.505863498216,44047.28722812518,3231.377971736528,"synthetic projection (imputed SOC, calibrated weights, single seed)"
E14001322,Leeds North West,Yorkshire and the Humber,-0.45695016,68.42819751589869,2476.4127943362437,2.7230053750329466,10528.782041244038,45432.740456139705,3108.880537621289,"synthetic projection (imputed SOC, calibrated weights, single seed)"
E14001323,Leeds South,Yorkshire and the Humber,0.7040225,57.91858192404959,2106.39724496258,1.5338989157564784,21875.617239053405,57114.354381728,3307.9824132973135,"synthetic projection (imputed SOC, calibrated weights, single seed)"
E14001324,Leeds South West and Morley,Yorkshire and the Humber,0.14007106,59.00974872338106,2858.6587853742967,2.9363878622212427,10096.10185873934,52979.37193047557,3126.299425139911,"synthetic projection (imputed SOC, calibrated weights, single seed)"
E14001325,Leeds West and Pudsey,Yorkshire and the Humber,-0.5661959,66.37112885056926,2670.9075646185847,2.6226510504012954,13377.602759418343,51399.33030686134,3411.4315746296634,"synthetic projection (imputed SOC, calibrated weights, single seed)"
E14001326,Leicester East,East Midlands,2.2041552,61.22058810840066,2864.930807945344,2.42897924853704,17894.66115089401,49743.79090898883,3045.3441341896105,"synthetic projection (imputed SOC, calibrated weights, single seed)"
E14001327,Leicester South,East Midlands,1.0450393,59.16308709142999,1481.379009920547,1.190913509807365,24044.217952592284,48792.19011102546,2886.696592920209,"synthetic projection (imputed SOC, calibrated weights, single seed)"
E14001328,Leicester West,East Midlands,0.20201203,57.110268200723276,2017.702948309914,1.61267736002564,24368.04318188941,55707.15182208185,3181.450381257505,"synthetic projection (imputed SOC, calibrated weights, single seed)"
E14001329,Leigh and Atherton,North West,0.48982766,63.822787193933536,3223.8853046443946,2.846072374099545,13907.685787228958,55713.55993233234,3555.794679377709,"synthetic projection (imputed SOC, calibrated weights, single seed)"
E14001330,Lewes,South East,2.1017523,59.71623245814715,2232.5114893880454,2.3022601666409783,10784.306283991777,41759.24020577823,2493.7044954038574,"synthetic projection (imputed SOC, calibrated weights, single seed)"
E14001331,Lewisham East,London,0.03753018,62.75804084434312,3757.7940439759623,3.061737588997813,12207.74079771122,60686.46701163161,3808.563775414858,"synthetic projection (imputed SOC, calibrated weights, single seed)"
E14001332,Lewisham North,London,-1.7053084,76.01960763175137,4400.106863794295,3.6361840788877364,12491.502631586343,64356.20530652425,4892.333476070408,"synthetic projection (imputed SOC, calibrated weights, single seed)"
E14001333,Lewisham West and East Dulwich,London,-0.8870319,67.3984246403568,3284.809226756577,3.165215212055893,10053.97649417538,53559.08159603045,3609.797724756779,"synthetic projection (imputed SOC, calibrated weights, single seed)"
E14001334,Leyton and Wanstead,London,-1.0714142,73.65509705310657,4488.787939888971,3.6305667110494517,11171.347515554717,62468.5522657635,4601.127279901872,"synthetic projection (imputed SOC, calibrated weights, single seed)"
E14001335,Lichfield,West Midlands,1.0994041,60.526966108732104,2787.376766646583,2.8734945184508542,8410.275576196718,47510.49055967333,2875.665851914584,"synthetic projection (imputed SOC, calibrated weights, single seed)"
E14001336,Lincoln,East Midlands,1.1276557,59.85788816759496,3106.0767333338554,2.6834364268061215,13043.03532361961,55139.04301381939,3300.506670389409,"synthetic projection (imputed SOC, calibrated weights, single seed)"
E14001337,Liverpool Garston,North West,1.5484821,59.34699674436019,2638.5718816118824,2.7276909293956972,11110.491941535169,45157.77786418528,2679.9784958883447,"synthetic projection (imputed SOC, calibrated weights, single seed)"
E14001338,Liverpool Riverside,North West,0.852942,65.05129969594606,1910.4062681228133,1.500177951759815,19956.626807536493,52410.35658147582,3409.3618131529824,"synthetic projection (imputed SOC, calibrated weights, single seed)"
E14001339,Liverpool Walton,North West,1.9652455,59.35566859168742,2737.526952895427,2.6260056796019167,13440.05400027516,46848.81901225319,2780.742975203245,"synthetic projection (imputed SOC, calibrated weights, single seed)"
E14001340,Liverpool Wavertree,North West,1.3280804,63.00844245401935,1930.026676850397,1.6941677898130356,17457.695122786517,46413.65129649615,2924.4518767961986,"synthetic projection (imputed SOC, calibrated weights, single seed)"
E14001341,Liverpool West Derby,North West,1.8399581,60.64841656778194,2463.8630008845357,2.480259986330532,13430.157039296386,43237.35303195184,2622.2769979700647,"synthetic projection (imputed SOC, calibrated weights, single seed)"
E14001342,Loughborough,East Midlands,1.2501166,61.65550727736933,2638.4748766820667,2.425369999584356,11504.608270191056,49639.506249529695,3060.5489388128985,"synthetic projection (imputed SOC, calibrated weights, single seed)"
E14001343,Louth and Horncastle,East Midlands,3.4673421,64.27887371959501,2121.8314015293035,2.129745485488876,12779.945862004783,38251.9074080905,2458.7895258182903,"synthetic projection (imputed SOC, calibrated weights, single seed)"
E14001344,Lowestoft,Eastern,2.6264887,64.21444834646192,1951.9341269682736,2.03031647309684,14511.857367873421,37354.16292186937,2398.676965471704,"synthetic projection (imputed SOC, calibrated weights, single seed)"
E14001345,Luton North,Eastern,1.0451505,64.17592110710682,3175.9936223589757,2.9524642867400317,15407.061046264966,44038.61780803125,2826.2188621142427,"synthetic projection (imputed SOC, calibrated weights, single seed)"
E14001346,Luton South and South Bedfordshire,Eastern,0.8532217,63.063168590894804,3959.441291129184,3.1598654689194383,15306.727942769074,57822.52244133641,3646.4714810687965,"synthetic projection (imputed SOC, calibrated weights, single seed)"
E14001347,Macclesfield,North West,0.8374556,54.94731995638436,2147.131626504659,2.2422946926678153,8289.870991701668,50327.871468427446,2765.3816562994703,"synthetic projection (imputed SOC, calibrated weights, single seed)"
E14001348,Maidenhead,South East,-2.4660342,85.97990522655773,3959.1615720613227,3.7807416406961236,7626.345322965695,55148.77031347494,4741.686044913777,"synthetic projection (imputed SOC, calibrated weights, single seed)"
E14001349,Maidstone and Malling,South East,-0.16804694,66.19377922822129,3145.4162156213642,2.8793600164196804,12251.11608562302,54542.887892627215,3610.3998796341893,"synthetic projection (imputed SOC, calibrated weights, single seed)"
E14001350,Makerfield,North West,0.9987688,61.58734882284346,2404.4094904331105,2.208349561044398,13850.157781771635,53684.949339082945,3306.3137014827807,"synthetic projection (imputed SOC, calibrated weights, single seed)"
E14001351,Maldon,Eastern,0.5187722,62.20099635502821,2912.7280955858223,2.8642632293930204,7191.95709082809,52056.298393437275,3237.953626626453,"synthetic projection (imputed SOC, calibrated weights, single seed)"
E14001352,Manchester Central,North West,0.19083866,63.354341415880704,1769.4408717853767,1.3331004344151838,20669.173336075015,55999.44935440676,3547.808233500406,"synthetic projection (imputed SOC, calibrated weights, single seed)"
E14001353,Manchester Rusholme,North West,0.48141426,60.29448182800676,1794.9171391065283,1.486299614419497,20941.97697794535,49583.47207307421,2989.609755879454,"synthetic projection (imputed SOC, calibrated weights, single seed)"
E14001354,Manchester Withington,North West,-0.40136954,65.60272784443825,2490.019678876255,2.6506063051939557,9496.532269070685,47613.03761195777,3123.545148304268,"synthetic projection (imputed SOC, calibrated weights, single seed)"
E14001355,Mansfield,East Midlands,1.7798966,57.33052494294492,2951.2567120451968,2.753612329934752,12723.947637417252,50052.20955074502,2869.5194480984933,"synthetic projection (imputed SOC, calibrated weights, single seed)"
E14001356,Melksham and Devizes,South West,0.11739505,61.7488190341369,2587.704287489283,2.706038967333495,11718.87081395246,47118.35899452292,2909.503022738292,"synthetic projection (imputed SOC, calibrated weights, single seed)"
E14001357,Melton and Syston,East Midlands,0.9415503,63.60630886862879,2912.656838364048,3.0524033665028485,9174.64479320205,46477.30203564241,2956.2496286596206,"synthetic projection (imputed SOC, calibrated weights, single seed)"
E14001358,Meriden and Solihull East,West Midlands,0.8452632,60.63644231291589,2832.753176972492,2.843039475471564,9387.340754825662,48926.03049645788,2966.7004257984318,"synthetic projection (imputed SOC, calibrated weights, single seed)"
E14001359,Mid Bedfordshire,Eastern,-1.1331648,68.94743134153386,3034.1930485499433,2.9829430375435684,9843.560510933421,55673.09090227801,3838.5166125557867,"synthetic projection (imputed SOC, calibrated weights, single seed)"
E14001360,Mid Buckinghamshire,South East,-1.6731298,74.96357691767513,3395.604895285531,3.3600037745832165,10411.747760216576,52034.45977574275,3900.689227768564,"synthetic projection (imputed SOC, calibrated weights, single seed)"
E14001361,Mid Cheshire,North West,0.28818795,63.72709422212068,2464.0600876813915,2.6734845442261,10380.487540367762,45297.34419790569,2886.668121711767,"synthetic projection (imputed SOC, calibrated weights, single seed)"
E14001362,Mid Derbyshire,East Midlands,0.7389784,62.43706123316993,2047.6085577950325,2.278079204549219,10238.221945562089,45005.31707468276,2809.9997380101954,"synthetic projection (imputed SOC, calibrated weights, single seed)"
E14001363,Mid Dorset and North Poole,South West,0.9768625,61.0475202918095,2126.356101265381,2.2230244405773916,12486.554119503253,45667.11720925878,2787.8642645006685,"synthetic projection (imputed SOC, calibrated weights, single seed)"
E14001364,Mid Leicestershire,East Midlands,0.83782524,60.99285309780665,3042.7794946933573,2.8876848967211903,11272.281763543262,53208.476941559406,3245.3368176545655,"synthetic projection (imputed SOC, calibrated weights, single seed)"
E14001365,Mid Norfolk,Eastern,0.69394016,72.32691422656319,2059.955269813712,2.0681425051735562,13520.234653136911,48091.148312093595,3478.2843590257226,"synthetic projection (imputed SOC, calibrated weights, single seed)"
E14001366,Mid Sussex,South East,0.7501682,57.287150494054046,2578.405281293839,2.5921485039324406,8031.145490832888,50089.2310563864,2869.4693176586534,"synthetic projection (imputed SOC, calibrated weights, single seed)"
E14001367,Middlesbrough and Thornaby East,North East,2.2992034,60.55286944610009,2585.049889274538,2.257116714992297,15511.84785927534,48037.42330843581,2908.8038221227594,"synthetic projection (imputed SOC, calibrated weights, single seed)"
E14001368,Middlesbrough South and East Cleveland,North East,1.3048996,60.50944929889947,2253.8953437741075,2.4043326832488847,10122.152032636921,44293.002856443694,2680.145210637989,"synthetic projection (imputed SOC, calibrated weights, single seed)"
E14001369,Milton Keynes Central,South East,-0.3318773,64.92120278082605,4319.512238368301,3.540735423099033,10075.064342187188,65772.47359023635,4270.02809534826,"synthetic projection (imputed SOC, calibrated weights, single seed)"
E14001370,Milton Keynes North,South East,-0.3895012,64.62475533555755,4205.20006975525,4.213867776551694,8324.347535936024,52930.699719975426,3420.6335191432768,"synthetic projection (imputed SOC, calibrated weights, single seed)"
E14001371,Mitcham and Morden,London,-0.25431284,64.53292515609277,4417.976101693126,3.6764107303371367,9182.499883017043,63620.55051946065,4105.620225061773,"synthetic projection (imputed SOC, calibrated weights, single seed)"
E14001372,Morecambe and Lunesdale,North West,2.4021912,62.43527080590079,2578.425939996021,2.535053738096811,11214.92314962083,44992.039415695566,2809.090165028715,"synthetic projection (imputed SOC, calibrated weights, single seed)"
E14001373,New Forest East,South East,2.3843086,57.251507145005796,2043.00170203776,2.191034988188836,11003.143365156306,41569.36951497188,2379.9090557997984,"synthetic projection (imputed SOC, calibrated weights, single seed)"
E14001374,New Forest West,South East,0.8750087,71.51436778159452,1514.0818807920477,1.803560239359748,10361.394566771058,38187.159223083174,2730.930549213879,"synthetic projection (imputed SOC, calibrated weights, single seed)"
E14001375,Newark,East Midlands,0.052149918,70.76437834993818,2594.87700081613,2.3619982660674994,15601.104673964379,53527.48022875019,3787.8388630261143,"synthetic projection (imputed SOC, calibrated weights, single seed)"
E14001376,Newbury,South East,0.2283901,63.10045907855787,3032.615157076634,3.0836143595490197,6361.812975831381,51890.68637713889,3274.326132298933,"synthetic projection (imputed SOC, calibrated weights, single seed)"
E14001377,Newcastle upon Tyne Central and West,North East,1.9624935,56.76498323974111,1999.0713974578248,1.5133923913644638,21048.221618242016,50964.13801642159,2892.9784403300246,"synthetic projection (imputed SOC, calibrated weights, single seed)"
E14001378,Newcastle upon Tyne East and Wallsend,North East,1.2478106,65.89924477758564,2292.225608369652,1.9180043103889628,17567.08567269447,49504.952487654235,3262.338981686673,"synthetic projection (imputed SOC, calibrated weights, single seed)"
E14001379,Newcastle upon Tyne North,North East,1.6835384,61.50940462353212,2367.5967075706612,2.1921498045404038,14220.39063680363,46237.5479330471,2844.0440446137554,"synthetic projection (imputed SOC, calibrated weights, single seed)"
E14001380,Newcastle-under-Lyme,West Midlands,1.0213796,63.784890670063604,2998.564613147162,2.982483919402768,10512.96823417749,47774.82311007505,3047.311868857765,"synthetic projection (imputed SOC, calibrated weights, single seed)"
E14001381,Newton Abbot,South West,1.8300368,63.96044698614262,2730.028205264931,2.8615239916722595,9019.297921080504,44739.93670767862,2861.5863499548545,"synthetic projection (imputed SOC, calibrated weights, single seed)"
E14001382,Newton Aycliffe and Spennymoor,North East,2.1295502,57.53498523684097,1977.1323752243843,2.0202700319737326,13992.98350435751,42099.57335293054,2422.198331338162,"synthetic projection (imputed SOC, calibrated weights, single seed)"
E14001383,Normanton and Hemsworth,Yorkshire and the Humber,0.20420134,64.60809120542754,2465.904056276191,2.3087319545686324,16565.50792693455,49811.19377534761,3218.206150488883,"synthetic projection (imputed SOC, calibrated weights, single seed)"
E14001384,North Bedfordshire,Eastern,-1.0642909,69.19623373393068,2951.9400621205496,2.7579758323195147,8770.87234730193,59454.46274853847,4114.0249008731425,"synthetic projection (imputed SOC, calibrated weights, single seed)"
E14001385,North Cornwall,South West,2.2547424,63.96864590849714,2227.2180767941936,2.1980836459335964,15629.18299471929,39272.2974331525,2512.1956885145128,"synthetic projection (imputed SOC, calibrated weights, single seed)"
E14001386,North Cotswolds,South West,0.81078094,63.13929144247275,2543.6062471219993,2.7452807070412475,9970.133976017678,44786.711228453874,2827.8012130032157,"synthetic projection (imputed SOC, calibrated weights, single seed)"
E14001387,North Devon,South West,2.3365674,72.97005006943405,2685.872925657841,2.6874706886867545,11859.385978426059,42190.60508477634,3078.6505654958482,"synthetic projection (imputed SOC, calibrated weights, single seed)"
E14001388,North Dorset,South West,1.8310965,65.66008588176665,2712.70284606528,2.8264794224066416,8747.496751275045,45364.33048946511,2978.625835907124,"synthetic projection (imputed SOC, calibrated weights, single seed)"
E14001389,North Durham,North East,1.8554046,57.14483158868519,2724.563850810646,2.7356346683819397,11206.566129766481,47861.07117027325,2735.012851679341,"synthetic projection (imputed SOC, calibrated weights, single seed)"
E14001390,North East Cambridgeshire,Eastern,1.6577339,59.06063165357659,3244.63818603443,3.1129002540281236,9133.85399230177,51952.727997343856,3068.3609316495817,"synthetic projection (imputed SOC, calibrated weights, single seed)"
E14001391,North East Derbyshire,East Midlands,0.847317,63.806562181430884,2201.7251749063835,2.3131906353960976,12054.689468746425,45740.33059344501,2918.5332482098547,"synthetic projection (imputed SOC, calibrated weights, single seed)"
E14001392,North East Hampshire,South East,-2.5557554,85.12737562158642,3741.378517251349,3.654637021599001,9203.105920589693,55433.90726331888,4718.943045776734,"synthetic projection (imputed SOC, calibrated weights, single seed)"
E14001393,North East Hertfordshire,Eastern,-0.78477204,68.78408096734701,3467.3019920290353,3.4210796858691306,7054.322814605129,54416.64332907483,3742.9988007183265,"synthetic projection (imputed SOC, calibrated weights, single seed)"
E14001394,North East Somerset and Hanham,South West,0.5611723,61.840776124648116,2778.8995796220297,2.8842122455219665,9721.878964046136,48273.18864107047,2985.2514515753455,"synthetic projection (imputed SOC, calibrated weights, single seed)"
E14001395,North Herefordshire,West Midlands,1.9398111,60.848432145027836,2144.896783116379,2.3464942033089273,10320.73376855317,40310.14576851727,2452.809169551804,"synthetic projection (imputed SOC, calibrated weights, single seed)"
E14001396,North Norfolk,Eastern,2.809847,66.5934038762658,1622.918421113296,1.8424133115473842,10102.79179241001,35918.41132853624,2391.9292721950546,"synthetic projection (imputed SOC, calibrated weights, single seed)"
E14001397,North Northumberland,North East,2.5692856,69.31740097526175,1575.5033705235182,1.6857749557188821,14182.654433908861,37060.55252840528,2568.9411799762192,"synthetic projection (imputed SOC, calibrated weights, single seed)"
E14001398,North Shropshire,West Midlands,0.8250765,64.96247700290544,2235.686767097697,2.132992224501416,16666.918782427507,49309.13925181399,3203.2438246790284,"synthetic projection (imputed SOC, calibrated weights, single seed)"
E14001399,North Somerset,South West,-0.2445367,72.33896425691383,3132.988371512016,3.2416231486450413,8722.323513096426,51121.29642409163,3698.061634789461,"synthetic projection (imputed SOC, calibrated weights, single seed)"
E14001400,North Warwickshire and Bedworth,West Midlands,1.4915409,59.29364212799721,2653.156087354928,2.708026458831443,12234.705462964597,45755.81950343055,2713.0291869096463,"synthetic projection (imputed SOC, calibrated weights, single seed)"
E14001401,North West Cambridgeshire,Eastern,-0.73490494,69.13743119685238,2989.7260279787333,2.604814501026213,16409.995836948918,56620.95167131098,3914.6271504755664,"synthetic projection (imputed SOC, calibrated weights, single seed)"
E14001402,North West Essex,Eastern,-1.2495832,77.07483281624373,3064.5125463659497,2.8404347102573055,10224.66673524741,54807.15847832203,4224.252576850045,"synthetic projection (imputed SOC, calibrated weights, single seed)"
E14001403,North West Hampshire,South East,-0.7445123,67.8500193325899,3210.1312138938592,2.9608164622944857,12223.271336805854,56625.014634735475,3842.008337674988,"synthetic projection (imputed SOC, calibrated weights, single seed)"
E14001404,North West Leicestershire,East Midlands,1.0311579,60.120386676661056,2990.0734346814424,2.887757847806638,8911.595054250472,54545.78877041707,3279.3139124609506,"synthetic projection (imputed SOC, calibrated weights, single seed)"
E14001405,North West Norfolk,Eastern,2.3537073,62.55389051490292,2387.8891023716133,2.373992985922223,12859.436477714826,44085.72620325626,2757.7336901884787,"synthetic projection (imputed SOC, calibrated weights, single seed)"
E14001406,Northampton North,East Midlands,0.23983604,57.668195752336025,3676.8473771489043,2.860684461443335,13761.165207004535,67253.30781437998,3878.3769200317747,"synthetic projection (imputed SOC, calibrated weights, single seed)"
E14001407,Northampton South,East Midlands,0.14119966,57.790604094678635,3136.776836873538,2.7956085481903292,11751.444014608744,59058.53825134245,3413.028602493766,"synthetic projection (imputed SOC, calibrated weights, single seed)"
E14001408,Norwich North,Eastern,0.47828594,63.425936190147226,2751.6564761781665,2.742828764565026,11633.17811598615,50410.968964248044,3197.3629008098887,"synthetic projection (imputed SOC, calibrated weights, single seed)"
E14001409,Norwich South,Eastern,-0.17305797,64.25596007043815,2480.1839185498247,2.343559008193924,15095.743813579984,48267.701580169916,3101.487505427223,"synthetic projection (imputed SOC, calibrated weights, single seed)"
E14001410,Nottingham East,East Midlands,1.5253001,56.80703333768622,907.2294187928273,0.7004832888879438,26856.73846902175,48042.809299525135,2729.169469514226,"synthetic projection (imputed SOC, calibrated weights, single seed)"
E14001411,Nottingham North and Kimberley,East Midlands,1.3198152,58.30032056326297,2326.3909126789877,2.0504150051408567,18102.246835194455,49262.16463728164,2871.9999899937566,"synthetic projection (imputed SOC, calibrated weights, single seed)"
E14001412,Nottingham South,East Midlands,0.26523992,62.02157224924434,1050.7434811325475,0.9170636111327157,25992.196818576293,40440.71287338257,2508.1965952874425,"synthetic projection (imputed SOC, calibrated weights, single seed)"
E14001413,Nuneaton,West Midlands,-0.54696167,71.63238091232039,2983.0435707422876,2.94091798862981,13334.501944858617,50727.33593808241,3633.7198505839583,"synthetic projection (imputed SOC, calibrated weights, single seed)"
E14001414,Old Bexley and Sidcup,London,-0.9365818,66.98392981945841,2761.4837225895863,2.6601654759533204,12623.177959475024,51822.24878752329,3471.2578758699738,"synthetic projection (imputed SOC, calibrated weights, single seed)"
E14001415,Oldham East and Saddleworth,North West,1.5771955,63.70584584977225,2496.540841649523,2.24168589986942,18771.139648076998,44566.87231351425,2839.1702976112215,"synthetic projection (imputed SOC, calibrated weights, single seed)"
E14001416,"Oldham West, Chadderton and Royton",North West,1.7675412,60.27448084039982,1842.0135028304721,1.6007783045821433,23730.987217176444,43813.615675554734,2640.842938584865,"synthetic projection (imputed SOC, calibrated weights, single seed)"
E14001417,Orpington,London,-1.9424984,83.92678282883425,2824.933183767771,2.828164942600302,14120.791822104236,46270.7695793412,3883.356829808399,"synthetic projection (imputed SOC, calibrated weights, single seed)"
E14001418,Ossett and Denby Dale,Yorkshire and the Humber,1.2442402,62.57046965892666,2905.5235561402187,2.932313551482406,12157.84060338484,45502.57794463287,2847.117672687596,"synthetic projection (imputed SOC, calibrated weights, single seed)"
E14001419,Oxford East,South East,-2.7889366,79.55374290171233,3857.84978578299,3.458810602710616,17282.888081128942,52669.625258453205,4190.06582654052,"synthetic projection (imputed SOC, calibrated weights, single seed)"
E14001420,Oxford West and Abingdon,South East,-2.6170373,83.72180657466417,3270.8461040323855,2.9476962390983736,15302.920707031324,55718.03098043577,4664.8142124651895,"synthetic projection (imputed SOC, calibrated weights, single seed)"
E14001421,Peckham,London,-0.9950483,69.4735883184689,4056.9947055633675,3.446622418684625,10458.503980713846,62678.752918499435,4354.517876574861,"synthetic projection (imputed SOC, calibrated weights, single seed)"
E14001422,Pendle and Clitheroe,North West,2.0749648,55.64717235926842,2434.630788185852,2.2641107474214213,15684.801247248024,47229.29487712955,2628.1767124343405,"synthetic projection (imputed SOC, calibrated weights, single seed)"
E14001423,Penistone and Stocksbridge,Yorkshire and the Humber,0.17367582,70.01846538906292,1385.7377915842662,1.5078260892111448,15880.844134493685,42417.25073779931,2969.9908026838048,"synthetic projection (imputed SOC, calibrated weights, single seed)"
E14001424,Penrith and Solway,North West,1.3895893,60.61821090087507,2370.299293281125,2.37600071973493,14348.834922836377,45457.442757288605,2755.5488520757767,"synthetic projection (imputed SOC, calibrated weights, single seed)"
E14001425,Peterborough,Eastern,0.6215255,60.70772678607803,3545.3458457730158,2.7869517883643087,18754.140598959566,58258.78201500932,3536.758221456862,"synthetic projection (imputed SOC, calibrated weights, single seed)"
E14001426,Plymouth Moor View,South West,0.94618636,63.70787449747234,2267.9381520731185,2.229836744750242,15909.503861966768,45753.53464546233,2914.8604430088667,"synthetic projection (imputed SOC, calibrated weights, single seed)"
E14001427,Plymouth Sutton and Devonport,South West,0.82461935,58.57054385331898,2086.24453821472,1.8570755068095328,17012.166097237416,51831.75632125583,3035.814156608658,"synthetic projection (imputed SOC, calibrated weights, single seed)"
E14001428,"Pontefract, Castleford and Knottingley",Yorkshire and the Humber,0.5104903,64.65612088180376,4006.27619092408,3.9767000837303144,10095.41118767395,52419.94778571074,3389.270480650755,"synthetic projection (imputed SOC, calibrated weights, single seed)"
E14001429,Poole,South West,-0.40399304,72.113583338752,1991.3378907385704,2.0088976326389743,15442.78923441257,46898.693372436,3382.0328329917393,"synthetic projection (imputed SOC, calibrated weights, single seed)"
E14001430,Poplar and Limehouse,London,-2.017869,72.06914493108815,4757.789295718416,3.208942364437969,16812.993960645465,76869.69165612172,5539.932948773094,"synthetic projection (imputed SOC, calibrated weights, single seed)"
E14001431,Portsmouth North,South East,0.3317419,65.91302620889734,3008.0190727528425,2.9412353889478444,13355.578515056224,49463.21941048948,3260.270477380033,"synthetic projection (imputed SOC, calibrated weights, single seed)"
E14001432,Portsmouth South,South East,0.47713375,64.43687966518529,2086.953920152664,1.7148395902219271,18784.704268350863,51453.37738343799,3315.4950868239603,"synthetic projection (imputed SOC, calibrated weights, single seed)"
E14001433,Preston,North West,0.90699375,57.93226727345013,2391.1107686502874,1.9917670226034077,18584.783974761936,55084.30844698958,3191.158879524167,"synthetic projection (imputed SOC, calibrated weights, single seed)"
E14001434,Putney,London,-5.970193,119.49901549934101,6331.543907651543,5.221452284108202,13284.696083356346,66420.8741561538,7937.229070266003,"synthetic projection (imputed SOC, calibrated weights, single seed)"
E14001435,Queen's Park and Maida Vale,London,-0.12543067,65.4070528020429,3770.77644724349,2.4465360694010254,18241.939710682273,63011.958329257664,4121.426485601883,"synthetic projection (imputed SOC, calibrated weights, single seed)"
E14001436,Rawmarsh and Conisbrough,Yorkshire and the Humber,1.2800523,62.92748596127142,2866.958125997764,2.9630256114698996,11583.26964509595,45040.00742010957,2834.254434624506,"synthetic projection (imputed SOC, calibrated weights, single seed)"
E14001437,Rayleigh and Wickford,Eastern,-1.516928,78.17513281742919,2771.09785955973,2.7977868043369174,12412.588806416337,49919.97445308819,3902.500633112841,"synthetic projection (imputed SOC, calibrated weights, single seed)"
E14001438,Reading Central,South East,-1.4572436,67.999518235954,3521.079997971632,3.1252046310609343,10770.46485877428,61279.04267433625,4166.945379815331,"synthetic projection (imputed SOC, calibrated weights, single seed)"
E14001439,Reading West and Mid Berkshire,South East,-0.80047363,64.00554975565836,2900.572484240329,3.072548133740672,8183.293430893486,50283.91849463651,3218.449847117927,"synthetic projection (imputed SOC, calibrated weights, single seed)"
E14001440,Redcar,North East,2.0692272,61.054683169167205,2208.5284832269062,2.2831586979625906,13710.984102896171,40499.73785838022,2472.6986633777306,"synthetic projection (imputed SOC, calibrated weights, single seed)"
E14001441,Redditch,West Midlands,0.0027655682,61.30641606058661,2890.3873266105875,2.7987040147736253,11593.039881941524,54774.09313150178,3358.0033428611678,"synthetic projection (imputed SOC, calibrated weights, single seed)"
E14001442,Reigate,South East,-3.8774023,97.56414371314249,4035.6763558181483,3.659414135717101,12726.230875552876,56046.68529257055,5468.1468585296225,"synthetic projection (imputed SOC, calibrated weights, single seed)"
E14001443,Ribble Valley,North West,0.27340117,64.59694180352753,2257.0275589084304,2.2185836022000243,12230.269481960637,52844.81694844077,3413.613565036493,"synthetic projection (imputed SOC, calibrated weights, single seed)"
E14001444,Richmond and Northallerton,Yorkshire and the Humber,1.4124186,59.20495757959147,1962.5682103101462,1.960876305831485,13132.517723219178,45491.63261283192,2693.330179069074,"synthetic projection (imputed SOC, calibrated weights, single seed)"
E14001445,Richmond Park,London,-2.8377967,76.5585713752956,2194.3761615141957,1.8209859020740462,11561.16390174898,58256.658451964744,4460.04654418096,"synthetic projection (imputed SOC, calibrated weights, single seed)"
E14001446,Rochdale,North West,2.1687207,63.95470793823161,2531.6762541071876,2.405631596591948,17217.709872910174,38569.58454815566,2466.706515076226,"synthetic projection (imputed SOC, calibrated weights, single seed)"
E14001447,Rochester and Strood,South East,-0.1541695,65.16429068686504,2694.0411895621983,2.609225010114015,14231.109608239958,48342.091426197025,3150.178098107709,"synthetic projection (imputed SOC, calibrated weights, single seed)"
E14001448,Romford,London,0.1173985,61.716851600915604,3104.7133233495406,2.8144764147944756,11903.738853801347,52567.438468991284,3244.296799030997,"synthetic projection (imputed SOC, calibrated weights, single seed)"
E14001449,Romsey and Southampton North,South East,0.13651355,66.43599520198764,2598.749509217294,2.5914974028562647,12748.550081277801,48038.69702515107,3191.498645072674,"synthetic projection (imputed SOC, calibrated weights, single seed)"
E14001450,Rossendale and Darwen,North West,0.3704773,63.61908150249723,2816.7339139467367,2.7194188521423905,14734.05702723359,49756.0556218136,3165.4345578469447,"synthetic projection (imputed SOC, calibrated weights, single seed)"
E14001451,Rother Valley,Yorkshire and the Humber,1.6001557,61.66401429124227,2582.240115409564,2.8257129604805633,9618.372864335051,41983.64205582732,2588.8799037289355,"synthetic projection (imputed SOC, calibrated weights, single seed)"
E14001452,Rotherham,Yorkshire and the Humber,2.136535,61.04770209423924,2981.436153272185,2.584102334375401,16105.485873576754,49684.42444844228,3033.119942452241,"synthetic projection (imputed SOC, calibrated weights, single seed)"
E14001453,Rugby,West Midlands,-1.3089597,70.5684021861031,3798.42962186952,3.3482024544561875,14178.323207112728,61575.37991861787,4345.276174859122,"synthetic projection (imputed SOC, calibrated weights, single seed)"
E14001454,"Ruislip, Northwood and Pinner",London,-2.9220695,91.98665254975263,3098.2944582434393,3.0370812795186377,13377.043664638666,50676.47204974104,4661.55902688678,"synthetic projection (imputed SOC, calibrated weights, single seed)"
E14001455,Runcorn and Helsby,North West,1.372497,57.26612254288117,2352.048025798729,2.5065228301577958,10632.043799613783,45182.44919650318,2587.4236724744537,"synthetic projection (imputed SOC, calibrated weights, single seed)"
E14001456,Runnymede and Weybridge,South East,-1.7786554,75.36812758758374,3268.607837924468,2.9718532228257506,10141.529867932524,56947.506742259204,4292.026953945377,"synthetic projection (imputed SOC, calibrated weights, single seed)"
E14001457,Rushcliffe,East Midlands,-1.8883582,81.0776701582898,3122.1891826755927,3.0023909239740845,14924.837499778187,50822.356318118706,4120.558242227504,"synthetic projection (imputed SOC, calibrated weights, single seed)"
E14001458,Rutland and Stamford,East Midlands,1.3882655,61.56267047282451,2956.7295713078456,3.092057983248266,8579.719928540522,45797.04423169755,2819.388342665365,"synthetic projection (imputed SOC, calibrated weights, single seed)"
E14001459,Salford,North West,0.18185297,65.89499413335874,4206.720906495251,3.4936468299526346,10691.81934266588,62077.954957469,4090.6264777333276,"synthetic projection (imputed SOC, calibrated weights, single seed)"
E14001460,Salisbury,South West,-0.3386933,73.12018986574456,2146.6334823188045,2.343114853491794,12291.715470813702,45329.37152060674,3314.4922520816394,"synthetic projection (imputed SOC, calibrated weights, single seed)"
E14001461,Scarborough and Whitby,Yorkshire and the Humber,2.287271,68.33816252790304,1479.1777170661917,1.50127023171082,17534.048790850153,38523.821082138005,2632.6471463070047,"synthetic projection (imputed SOC, calibrated weights, single seed)"
E14001462,Scunthorpe,Yorkshire and the Humber,0.08799725,69.55773087424635,3071.6402026246033,2.7332335328517354,17523.985584770842,54388.309728843815,3783.1274108240723,"synthetic projection (imputed SOC, calibrated weights, single seed)"
E14001463,Sefton Central,North West,1.3409221,56.240562452467984,2062.8235210364037,2.323695252868105,10091.186452613354,42214.99909302697,2374.1952929222625,"synthetic projection (imputed SOC, calibrated weights, single seed)"
E14001464,Selby,Yorkshire and the Humber,-0.18779665,66.13071230913336,2096.9497787813925,2.023153452318327,15068.441649135915,50614.99981771292,3347.2059914720103,"synthetic projection (imputed SOC, calibrated weights, single seed)"
E14001465,Sevenoaks,South East,-1.1331543,73.36532355361967,3203.313724743901,3.150108763261413,8216.19610144511,50625.15158762169,3714.130626176908,"synthetic projection (imputed SOC, calibrated weights, single seed)"
E14001466,Sheffield Brightside and Hillsborough,Yorkshire and the Humber,1.6458334,59.3572813211222,1732.5239897188512,1.4975439377687005,21612.521440410295,45377.00125456313,2693.455428976019,"synthetic projection (imputed SOC, calibrated weights, single seed)"
E14001467,Sheffield Central,Yorkshire and the Humber,-0.12345074,67.04873745131793,1677.958949828797,1.46143732093123,24990.29920505017,42940.49008937599,2879.1056460334908,"synthetic projection (imputed SOC, calibrated weights, single seed)"
E14001468,Sheffield Hallam,Yorkshire and the Humber,-0.55230224,69.93151864839074,2169.4050377481653,2.194748254863793,17288.40340714166,43430.67175589157,3037.172831809268,"synthetic projection (imputed SOC, calibrated weights, single seed)"
E14001469,Sheffield Heeley,Yorkshire and the Humber,1.5701003,65.44361000515119,2710.7391242966805,2.3890465879706366,15236.444331656921,50061.5595675508,3276.2091805884397,"synthetic projection (imputed SOC, calibrated weights, single seed)"
E14001470,Sheffield South East,Yorkshire and the Humber,2.1937463,59.6671098329361,1968.8467258508244,1.8202153124148117,18718.754780348827,44140.809341282424,2633.75451908099,"synthetic projection (imputed SOC, calibrated weights, single seed)"
E14001471,Sherwood Forest,East Midlands,1.5445219,61.79941349969652,3086.0984392710197,2.958794924004691,12376.7037204534,48253.07091084276,2982.0114818493494,"synthetic projection (imputed SOC, calibrated weights, single seed)"
E14001472,Shipley,Yorkshire and the Humber,1.9393545,59.387528330276666,3050.667584193903,3.1070331093524404,9348.820990800039,46024.24096334897,2733.265914090367,"synthetic projection (imputed SOC, calibrated weights, single seed)"
E14001473,Shrewsbury,West Midlands,0.839385,62.552509462841016,2995.897451073677,2.8720608489146215,10251.265304618912,54117.48324681978,3385.1843829018344,"synthetic projection (imputed SOC, calibrated weights, single seed)"
E14001474,Sittingbourne and Sheppey,South East,1.635012,58.32639133951061,3070.591132401445,2.6970864228820624,12970.095016155352,51289.421796937495,2991.526887305402,"synthetic projection (imputed SOC, calibrated weights, single seed)"
E14001475,Skipton and Ripon,Yorkshire and the Humber,1.9523352,60.99657565113074,2618.4092139198037,2.67408841450389,9260.011928383898,44349.535299393545,2705.1697849819516,"synthetic projection (imputed SOC, calibrated weights, single seed)"
E14001476,Sleaford and North Hykeham,East Midlands,1.4085275,62.834915242654056,2648.153633423157,2.7238781248478054,9483.962234978739,46826.05016399233,2942.3108932027253,"synthetic projection (imputed SOC, calibrated weights, single seed)"
E14001477,Slough,South East,0.50908124,66.30640368857883,6089.367165212134,4.53134906510465,11565.384379662724,64225.50335152433,4258.562152328344,"synthetic projection (imputed SOC, calibrated weights, single seed)"
E14001478,Smethwick,West Midlands,0.5258201,66.51143070049385,3254.894936818073,2.855043509127093,17765.746155419907,49689.724586835466,3304.934673383932,"synthetic projection (imputed SOC, calibrated weights, single seed)"
E14001479,Solihull West and Shirley,West Midlands,1.2717813,61.910992032096566,2674.3456986342208,2.767080164731426,8542.660562658566,48026.46743396125,2973.36624263372,"synthetic projection (imputed SOC, calibrated weights, single seed)"
E14001480,South Basildon and East Thurrock,Eastern,0.8243786,59.44787413089038,2977.041049870393,2.8048077674652805,11774.811908810509,51950.874779366175,3088.369064873408,"synthetic projection (imputed SOC, calibrated weights, single seed)"
E14001481,South Cambridgeshire,Eastern,-2.2169132,76.87833392396745,3912.6986530089853,3.6523811670474475,7456.864532676539,60062.62715209699,4617.514706549666,"synthetic projection (imputed SOC, calibrated weights, single seed)"
E14001482,South Cotswolds,South West,1.048271,61.510196758213276,2317.1370881363764,2.4521795836311107,10210.394109299152,45077.409695820934,2772.7203397405365,"synthetic projection (imputed SOC, calibrated weights, single seed)"
E14001483,South Derbyshire,East Midlands,0.53877836,62.7308894131203,3062.107132876241,3.0021690586337826,10946.626172038208,52058.074527027115,3265.649316214913,"synthetic projection (imputed SOC, calibrated weights, single seed)"
E14001484,South Devon,South West,1.987114,70.86058590840494,1640.078800940977,1.843515103220584,13229.406574048166,35256.30080597058,2498.282132074045,"synthetic projection (imputed SOC, calibrated weights, single seed)"
E14001485,South Dorset,South West,2.4378035,61.04590106023833,2077.007736645519,2.0520028236360064,13004.551243917573,43449.0939993623,2652.389093442066,"synthetic projection (imputed SOC, calibrated weights, single seed)"
E14001486,South East Cornwall,South West,2.4912384,63.85697947081294,1910.7234468991992,2.0972752801036854,11354.783246366478,38854.19559982518,2481.111570772987,"synthetic projection (imputed SOC, calibrated weights, single seed)"
E14001487,South Holland and The Deepings,East Midlands,1.2661537,61.51218201787025,3071.177453413122,2.748138313310997,12851.035394052276,57973.38651436239,3566.0695034638043,"synthetic projection (imputed SOC, calibrated weights, single seed)"
E14001488,South Leicestershire,East Midlands,1.2042036,62.95962674416698,3616.62716296464,3.52246607868355,8244.172739122127,52263.919895201085,3290.516888788903,"synthetic projection (imputed SOC, calibrated weights, single seed)"
E14001489,South Norfolk,Eastern,1.5943743,63.77028742215545,2615.521730661756,2.777779327898555,10018.60585283479,43379.684956320234,2766.334977947094,"synthetic projection (imputed SOC, calibrated weights, single seed)"
E14001490,South Northamptonshire,East Midlands,-0.98576224,68.14787036051997,2987.757864313815,2.9263499597224136,9713.42809241499,54430.857506824395,3709.3470209870047,"synthetic projection (imputed SOC, calibrated weights, single seed)"
E14001491,South Ribble,North West,1.773752,61.51427584922762,2673.573590002805,2.690538840794597,11154.052220785556,48308.57232010078,2971.666843581041,"synthetic projection (imputed SOC, calibrated weights, single seed)"
E14001492,South Shields,North East,2.4709587,59.463725321887416,2178.419257442587,2.280193900354716,13248.644460836022,39604.78498532504,2355.048055799779,"synthetic projection (imputed SOC, calibrated weights, single seed)"
E14001493,South Shropshire,West Midlands,1.9435351,64.9665464484277,2204.631522524309,2.190650956034198,13084.674849126042,44363.80285192336,2882.163058608369,"synthetic projection (imputed SOC, calibrated weights, single seed)"
E14001494,South Suffolk,Eastern,1.1952572,59.90257635512775,2275.8994614941403,2.4457296747131876,10688.07631233415,44377.429819664554,2658.322378216779,"synthetic projection (imputed SOC, calibrated weights, single seed)"
E14001495,South West Devon,South West,0.5055615,70.2269726871686,3198.0866077168175,3.292007651019065,8393.68832543752,51153.837260101456,3592.3791321090125,"synthetic projection (imputed SOC, calibrated weights, single seed)"
E14001496,South West Hertfordshire,Eastern,-2.1381264,81.25255661671831,3790.793178631702,3.695695495982875,10259.193088251455,52016.09774255101,4226.44092680738,"synthetic projection (imputed SOC, calibrated weights, single seed)"
E14001497,South West Norfolk,Eastern,2.3819351,60.305898471041175,2506.376589815911,2.4077718274678186,11127.576293848844,46708.651314197465,2816.8071838732562,"synthetic projection (imputed SOC, calibrated weights, single seed)"
E14001498,South West Wiltshire,South West,0.70652974,62.4466751231966,3451.003421684032,3.5328656470352953,8650.954720085861,50941.79467644638,3181.1457023526327,"synthetic projection (imputed SOC, calibrated weights, single seed)"
E14001499,Southampton Itchen,South East,0.14147045,66.94806495852,3287.050672052501,2.925781144516413,11646.744346758807,53744.296235919464,3598.0766355522783,"synthetic projection (imputed SOC, calibrated weights, single seed)"
E14001500,Southampton Test,South East,0.571612,61.97494803826977,3010.5589174422857,2.594695404491821,12057.167305014535,56539.8424645599,3504.053798833059,"synthetic projection (imputed SOC, calibrated weights, single seed)"
E14001501,Southend East and Rochford,Eastern,0.629316,66.07773414531361,2499.6108764174423,2.4729576493496817,15857.576563416907,43776.20715291356,2892.6325781403984,"synthetic projection (imputed SOC, calibrated weights, single seed)"
E14001502,Southend West and Leigh,Eastern,0.817858,62.535285726784146,2969.8673965836024,2.7899105984239227,10795.40248606649,49822.30229866736,3115.651909813378,"synthetic projection (imputed SOC, calibrated weights, single seed)"
E14001503,Southgate and Wood Green,London,0.7439058,60.458342659358976,2981.1689491345423,2.228094005799364,10549.701190287695,65033.268039236355,3931.80360337409,"synthetic projection (imputed SOC, calibrated weights, single seed)"
E14001504,Southport,North West,1.4654176,61.762410964294524,3119.0125946379267,3.240987965201793,8994.710422553728,47257.82720172065,2918.7573449122874,"synthetic projection (imputed SOC, calibrated weights, single seed)"
E14001505,Spelthorne,South East,0.09282973,62.05641928961211,2983.677511118465,2.934886413424214,9965.270603007179,52972.504597834115,3287.283956144099,"synthetic projection (imputed SOC, calibrated weights, single seed)"
E14001506,Spen Valley,Yorkshire and the Humber,1.6188986,63.321376796430826,3091.2625365055537,3.1253688432989306,14200.85789876709,41436.07668682918,2623.7894248525135,"synthetic projection (imputed SOC, calibrated weights, single seed)"
E14001507,St Albans,Eastern,-2.7291968,85.04474412091324,3720.271449934942,3.561873919620684,9118.95368322726,55014.7724056694,4678.717242110432,"synthetic projection (imputed SOC, calibrated weights, single seed)"
E14001508,St Austell and Newquay,South West,2.2874935,59.332481523532536,2672.0424134531677,2.6635238867996116,12674.808230584373,44187.13770099718,2621.732531222203,"synthetic projection (imputed SOC, calibrated weights, single seed)"
E14001509,St Helens North,North West,2.0462844,60.05230946134672,3232.6661688634595,3.0898752898085027,9991.886990669998,49366.686003251896,2964.5835049484162,"synthetic projection (imputed SOC, calibrated weights, single seed)"
E14001510,St Helens South and Whiston,North West,1.1833926,58.99498555756631,2515.6027444548236,2.6228044556238963,11132.297650161125,46806.33193133038,2761.3388762914906,"synthetic projection (imputed SOC, calibrated weights, single seed)"
E14001511,St Ives,South West,2.4187431,63.201797071458735,1771.049518010579,1.9138537006436225,14159.033263259898,36049.42566673306,2278.388485531499,"synthetic projection (imputed SOC, calibrated weights, single seed)"
E14001512,St Neots and Mid Cambridgeshire,Eastern,-0.9178567,67.9744145427783,3581.7363566767162,3.38089210531425,8068.46595024937,57930.857115787076,3937.8160964069693,"synthetic projection (imputed SOC, calibrated weights, single seed)"
E14001513,Stafford,West Midlands,1.5788548,58.789665949176836,2816.2146191428437,2.896801863576225,9409.597265274797,47395.44476426009,2786.3623652035135,"synthetic projection (imputed SOC, calibrated weights, single seed)"
E14001514,Staffordshire Moorlands,West Midlands,1.6921685,59.44375593027327,2333.9821647502467,2.5969903644239984,9125.516189205573,43035.33850772176,2558.182158629703,"synthetic projection (imputed SOC, calibrated weights, single seed)"
E14001515,Stalybridge and Hyde,North West,0.42868772,61.805157259462035,2525.7291790371455,2.509095998149797,13082.897852223638,49356.87259526309,3050.5092725854674,"synthetic projection (imputed SOC, calibrated weights, single seed)"
E14001516,Stevenage,Eastern,0.11601624,58.185373485535585,2661.390803759641,2.585617701101065,10533.189818292805,53438.29006487144,3109.3268658529305,"synthetic projection (imputed SOC, calibrated weights, single seed)"
E14001517,Stockport,North West,0.63614416,59.65565561513538,3862.134705418557,3.570660254963603,9327.463163443821,55934.91451231738,3336.8339970088437,"synthetic projection (imputed SOC, calibrated weights, single seed)"
E14001518,Stockton North,North East,1.8548263,60.52738640644178,2567.8147306290593,2.530411824787469,13724.971869019784,45349.81157294958,2744.905568535244,"synthetic projection (imputed SOC, calibrated weights, single seed)"
E14001519,Stockton West,North East,1.5652648,62.267984815958286,2925.5410346637036,3.135159315074731,8983.232720577636,44047.97148713849,2742.7784197349033,"synthetic projection (imputed SOC, calibrated weights, single seed)"
E14001520,Stoke-on-Trent Central,West Midlands,1.6894947,62.74630781923813,2468.07992274985,2.1485272382962095,17736.49577628682,50271.17694751527,3154.330743184181,"synthetic projection (imputed SOC, calibrated weights, single seed)"
E14001521,Stoke-on-Trent North,West Midlands,1.7146062,60.66795913124941,3173.072838612443,3.011469515087955,13653.938389795003,47287.21320979466,2868.8187184424996,"synthetic projection (imputed SOC, calibrated weights, single seed)"
E14001522,Stoke-on-Trent South,West Midlands,1.4796797,63.40144869409005,2584.1650349218107,2.67380030955997,10492.957702209744,45397.61304202599,2878.2744341181638,"synthetic projection (imputed SOC, calibrated weights, single seed)"
E14001523,"Stone, Great Wyrley and Penkridge",West Midlands,1.6092794,58.974111269123355,2465.379417004122,2.568969510712178,8605.32286432978,48102.31106710926,2836.7910451736852,"synthetic projection (imputed SOC, calibrated weights, single seed)"
E14001524,Stourbridge,West Midlands,1.8178788,63.11494627763696,2742.6372488900524,2.8268634322564643,10508.377658063946,44822.219490805954,2828.95197520667,"synthetic projection (imputed SOC, calibrated weights, single seed)"
E14001525,Stratford and Bow,London,-0.6808361,67.56159486585226,4533.2445479129965,3.2026503236308055,13431.293774852604,67259.94296818283,4544.189017516697,"synthetic projection (imputed SOC, calibrated weights, single seed)"
E14001526,Stratford-on-Avon,West Midlands,0.5262046,64.32281381552257,2174.2425209030807,2.307347882117775,9839.30690516586,46013.2186288791,2959.699694918325,"synthetic projection (imputed SOC, calibrated weights, single seed)"
E14001527,Streatham and Croydon North,London,-0.45663807,66.40415666060528,4852.2956005270935,3.788979035213245,9120.01126608107,67636.45772201082,4491.341934540812,"synthetic projection (imputed SOC, calibrated weights, single seed)"
E14001528,Stretford and Urmston,North West,0.5701057,64.1739438373312,3900.012371144163,3.830468958448903,9180.993386788452,51771.5151423719,3322.3823051201157,"synthetic projection (imputed SOC, calibrated weights, single seed)"
E14001529,Stroud,South West,0.64617974,66.91943056566969,2776.426573302153,2.8783889565011194,11621.480750502362,44697.49730456073,2991.1310673317603,"synthetic projection (imputed SOC, calibrated weights, single seed)"
E14001530,Suffolk Coastal,Eastern,2.7279632,56.98961522238543,2144.791660336683,2.33250429505309,9963.33461241171,38823.70650733957,2212.5480953601036,"synthetic projection (imputed SOC, calibrated weights, single seed)"
E14001531,Sunderland Central,North East,2.8263032,55.42076129392664,2028.9159140234733,1.9417119469462005,12609.45839075823,46419.38298192649,2572.5975436527083,"synthetic projection (imputed SOC, calibrated weights, single seed)"
E14001532,Surrey Heath,South East,0.017739898,62.856965036739396,3062.5409831772267,3.074794299776958,7236.027852787912,51194.87725638342,3217.9546097646576,"synthetic projection (imputed SOC, calibrated weights, single seed)"
E14001533,Sussex Weald,South East,1.2311738,61.605809192594094,2217.588272979643,2.25712914072553,10651.023675559263,42627.30636827779,2626.089702518372,"synthetic projection (imputed SOC, calibrated weights, single seed)"
E14001534,Sutton and Cheam,London,-0.34036332,65.23288258725889,2906.1314081476194,2.7937309117354525,8379.643087449957,53479.32023773446,3488.61021791455,"synthetic projection (imputed SOC, calibrated weights, single seed)"
E14001535,Sutton Coldfield,West Midlands,0.3568704,65.4191592239776,3292.5040312477468,3.4704991122226074,6870.7871809468415,49097.97439153658,3211.9482042947066,"synthetic projection (imputed SOC, calibrated weights, single seed)"
E14001536,Swindon North,South West,0.0417341,58.62446509476411,3261.143709074957,3.114050352263105,8591.132879712073,57509.95719835585,3371.4904783763905,"synthetic projection (imputed SOC, calibrated weights, single seed)"
E14001537,Swindon South,South West,0.19465698,62.08981744644946,4033.0567566968057,3.586323259246066,9004.778155302087,59894.762050655074,3718.8548417237025,"synthetic projection (imputed SOC, calibrated weights, single seed)"
E14001538,Tamworth,West Midlands,0.7328875,62.962094284093745,3437.650522170381,3.381541487971734,10636.605540096623,50741.906668193544,3194.816711797487,"synthetic projection (imputed SOC, calibrated weights, single seed)"
E14001539,Tatton,North West,-2.3526716,87.27536055946669,3348.862396304885,3.404420994524912,9813.810183307565,51520.57523301156,4496.476779692213,"synthetic projection (imputed SOC, calibrated weights, single seed)"
E14001540,Taunton and Wellington,South West,1.5140116,57.35750289828109,3526.687660072119,3.311868173036924,8187.011027712277,54343.571947030236,3117.0115854547334,"synthetic projection (imputed SOC, calibrated weights, single seed)"
E14001541,Telford,West Midlands,0.71207225,64.64788207937515,3826.5179786091867,3.617775499507711,13480.539103871335,51232.95667236416,3312.102141532735,"synthetic projection (imputed SOC, calibrated weights, single seed)"
E14001542,Tewkesbury,South West,0.73803157,59.02632812695759,2560.105502137154,2.5996136846842495,11150.96161358988,49608.482870231106,2928.206587778816,"synthetic projection (imputed SOC, calibrated weights, single seed)"
E14001543,The Wrekin,West Midlands,1.5215372,55.9449214978863,2956.609040695126,2.7888161949295767,10980.253724529337,51293.54650530365,2869.613432587393,"synthetic projection (imputed SOC, calibrated weights, single seed)"
E14001544,Thirsk and Malton,Yorkshire and the Humber,2.3149533,57.140398951374806,2324.139817220217,2.377306957514351,9606.210360432917,44503.400470319786,2542.9420575668737,"synthetic projection (imputed SOC, calibrated weights, single seed)"
E14001545,Thornbury and Yate,South West,-0.096923515,64.22609895751076,2327.0230305918703,2.401158378883036,10047.79549008332,51338.845071407486,3297.2937439205307,"synthetic projection (imputed SOC, calibrated weights, single seed)"
E14001546,Thurrock,Eastern,0.8391229,57.53239154179659,3433.217048193357,2.676524325706351,10977.345147456512,64168.2600070741,3691.7534592827947,"synthetic projection (imputed SOC, calibrated weights, single seed)"
E14001547,Tipton and Wednesbury,West Midlands,1.6004884,62.69812461521328,3409.3424763640833,2.9472331625988426,15687.526383726292,50770.1979135983,3183.1961955258275,"synthetic projection (imputed SOC, calibrated weights, single seed)"
E14001548,Tiverton and Minehead,South West,1.4870598,67.05140370535628,2215.3793042868456,2.4690768105934082,10638.778970553582,40017.6996274565,2683.2429330802715,"synthetic projection (imputed SOC, calibrated weights, single seed)"
E14001549,Tonbridge,South East,-0.46780843,68.20397949166494,2813.6828989061796,2.818651179324554,7103.067948044256,50403.14041048773,3437.6947548724133,"synthetic projection (imputed SOC, calibrated weights, single seed)"
E14001550,Tooting,London,-5.9448166,120.0797305463482,5743.8406678219435,4.934833507956888,10757.823995766716,66850.11513640007,8027.343812571273,"synthetic projection (imputed SOC, calibrated weights, single seed)"
E14001551,Torbay,South West,1.8434833,58.335862526186474,1829.3254906380498,1.7517049789976877,15945.640956339888,47267.01047671409,2757.361825193409,"synthetic projection (imputed SOC, calibrated weights, single seed)"
E14001552,Torridge and Tavistock,South West,2.3194637,66.34107755078632,2187.642815726751,2.2640293280773123,13215.54984724148,38509.21669483796,2554.742931172281,"synthetic projection (imputed SOC, calibrated weights, single seed)"
E14001553,Tottenham,London,0.66604686,61.583197291590544,4393.497708189669,3.0684644167532986,14718.292093718212,67547.18593502426,4159.771677928349,"synthetic projection (imputed SOC, calibrated weights, single seed)"
E14001554,Truro and Falmouth,South West,1.9327798,62.52492288723357,2665.5114800448027,2.7871062850677646,9256.823804283094,43381.24945883747,2712.409277165656,"synthetic projection (imputed SOC, calibrated weights, single seed)"
E14001555,Tunbridge Wells,South East,0.47640958,58.38950069565531,2619.125088693352,2.4176085972785035,7688.537645486616,54714.88921511102,3194.775061888428,"synthetic projection (imputed SOC, calibrated weights, single seed)"
E14001556,Twickenham,London,-0.733519,63.13314163108923,2781.015511749043,2.5459895433851862,6965.4144811927345,56580.12952289728,3572.081330674447,"synthetic projection (imputed SOC, calibrated weights, single seed)"
E14001557,Tynemouth,North East,0.77335256,63.25692388944371,3095.28848768189,3.1860048996973913,9071.009837862259,50420.19980103171,3189.4267413044076,"synthetic projection (imputed SOC, calibrated weights, single seed)"
E14001558,Uxbridge and South Ruislip,London,0.25267875,61.16868763374107,3099.3900929169613,2.5631224813743385,11829.58429008718,60568.49341881393,3704.8952543817313,"synthetic projection (imputed SOC, calibrated weights, single seed)"
E14001559,Vauxhall and Camberwell Green,London,-1.8143185,69.76876535043952,3490.0934124967607,3.073521169426645,7418.489242174204,66156.80403422093,4615.678536998571,"synthetic projection (imputed SOC, calibrated weights, single seed)"
E14001560,Wakefield and Rothwell,Yorkshire and the Humber,0.598813,61.962913637921844,3306.928667113745,3.0846437388395596,10055.365101037505,55285.53970622482,3425.653122242708,"synthetic projection (imputed SOC, calibrated weights, single seed)"
E14001561,Wallasey,North West,1.6273379,64.15445257842363,3314.4742379642303,3.265122369095926,11357.08581007349,47320.99821556064,3035.852735983854,"synthetic projection (imputed SOC, calibrated weights, single seed)"
E14001562,Walsall and Bloxwich,West Midlands,2.6520553,65.41276077244608,3596.578660906176,2.949452717320106,17842.89681942093,48246.32099958134,3155.925053696256,"synthetic projection (imputed SOC, calibrated weights, single seed)"
E14001563,Walthamstow,London,-0.48241666,65.72139091769591,4305.253939137168,3.4410153578299547,11123.316118619357,62568.01119983307,4112.0567230070055,"synthetic projection (imputed SOC, calibrated weights, single seed)"
E14001564,Warrington North,North West,0.4233455,58.6176065646817,2693.472349505453,2.6309627815241297,11547.811015784555,53001.25722253447,3106.80684330402,"synthetic projection (imputed SOC, calibrated weights, single seed)"
E14001565,Warrington South,North West,-0.2627372,64.98485889818376,2938.3024654088185,2.8836600074697833,9293.77012052451,55726.99295183466,3621.4107737950562,"synthetic projection (imputed SOC, calibrated weights, single seed)"
E14001566,Warwick and Leamington,West Midlands,-0.42741212,63.08419939140603,3471.2013736314075,3.251081970397941,7359.014332289649,61327.605767968525,3868.8029104640686,"synthetic projection (imputed SOC, calibrated weights, single seed)"
E14001567,Washington and Gateshead South,North East,1.218797,60.976371700343364,2102.9197470774343,2.159996080515038,14610.704436135064,44187.3495666457,2694.3842516287946,"synthetic projection (imputed SOC, calibrated weights, single seed)"
E14001568,Watford,Eastern,-0.7286633,65.33259067711003,3636.74066245657,3.3799437990001806,9862.783851577013,56477.279717257654,3689.806998324243,"synthetic projection (imputed SOC, calibrated weights, single seed)"
E14001569,Waveney Valley,Eastern,1.914795,65.28873143358554,2266.9150702047154,2.514708360396954,9838.942655161045,40444.935376698035,2640.598523657961,"synthetic projection (imputed SOC, calibrated weights, single seed)"
E14001570,Weald of Kent,South East,-0.04335861,62.70217618927109,2471.6513735875815,2.6549316045906943,10550.08174616504,46159.15703432903,2894.279597114731,"synthetic projection (imputed SOC, calibrated weights, single seed)"
E14001571,Wellingborough and Rushden,East Midlands,0.67414665,66.7289430903429,4358.239534468794,3.861077971311972,10295.474862154066,59041.075457348845,3939.748564186072,"synthetic projection (imputed SOC, calibrated weights, single seed)"
E14001572,Wells and Mendip Hills,South West,1.5662605,60.24666918683262,2261.665876637464,2.5375341074405235,8514.012717157462,42813.53808088733,2579.3730654770798,"synthetic projection (imputed SOC, calibrated weights, single seed)"
E14001573,Welwyn Hatfield,Eastern,0.44588515,64.36974254027574,3702.4500397382726,3.032323824916288,11229.878187287697,57294.810188945565,3688.052180756393,"synthetic projection (imputed SOC, calibrated weights, single seed)"
E14001574,West Bromwich,West Midlands,1.5073234,66.49319334710786,3884.2910654091756,3.5432847082187586,14144.078956771446,48591.15066536858,3230.980776150802,"synthetic projection (imputed SOC, calibrated weights, single seed)"
E14001575,West Dorset,South West,2.2205267,59.48005708614112,2188.3313087922324,2.3213234062393506,9759.66162661408,41829.08778841343,2487.9965295160396,"synthetic projection (imputed SOC, calibrated weights, single seed)"
E14001576,West Ham and Beckton,London,0.6111167,63.75489138940705,4155.1291349635685,2.8833000547402667,14872.179706010802,64898.39385014714,4137.590051263093,"synthetic projection (imputed SOC, calibrated weights, single seed)"
E14001577,West Lancashire,North West,1.9828846,58.94222599208124,2368.6753608848303,2.3631240192631013,11556.863813629796,44475.37346988242,2621.477514144024,"synthetic projection (imputed SOC, calibrated weights, single seed)"
E14001578,West Suffolk,Eastern,1.5367085,58.460514035454494,3312.1986021394478,2.8536076071970777,11172.732511512213,54774.18335737794,3202.126914944551,"synthetic projection (imputed SOC, calibrated weights, single seed)"
E14001579,West Worcestershire,West Midlands,2.8083029,63.11394690469624,2371.451210847048,2.4159860002930853,9990.481741977525,41220.43372565963,2601.5842655498327,"synthetic projection (imputed SOC, calibrated weights, single seed)"
E14001580,Westmorland and Lonsdale,North West,1.3537596,59.953987423418056,2389.099593447172,2.5227969290313266,9927.404255613099,46746.50894478864,2802.639609364558,"synthetic projection (imputed SOC, calibrated weights, single seed)"
E14001581,Weston-super-Mare,South West,1.5853451,61.80865942590464,3112.1405590461036,3.163633569973186,9170.984349449442,47754.14232781257,2951.619519315944,"synthetic projection (imputed SOC, calibrated weights, single seed)"
E14001582,Wetherby and Easingwold,Yorkshire and the Humber,0.63215935,66.9282894912878,2225.1439318286866,2.413081768175263,10978.872292459357,44842.100189791105,3001.205062899671,"synthetic projection (imputed SOC, calibrated weights, single seed)"
E14001583,Whitehaven and Workington,North West,1.9534378,59.00852313619768,2026.2165623609326,2.127879388808171,10972.86790064347,44055.52851398567,2599.65167359494,"synthetic projection (imputed SOC, calibrated weights, single seed)"
E14001584,Widnes and Halewood,North West,1.160322,61.67229543141103,2585.261830218922,2.7077365237056954,10110.503325502383,45492.477080987934,2805.625486445383,"synthetic projection (imputed SOC, calibrated weights, single seed)"
E14001585,Wigan,North West,1.153835,60.89922590190398,3820.0642046451576,3.545713960245012,9743.432824069729,54699.950960345435,3331.1846703571464,"synthetic projection (imputed SOC, calibrated weights, single seed)"
E14001586,Wimbledon,London,-3.743933,93.20566478458947,3885.0142103957696,3.4774879128390683,8539.58755892214,60530.89284406022,5641.822107535383,"synthetic projection (imputed SOC, calibrated weights, single seed)"
E14001587,Winchester,South East,-0.35914737,67.56586153041326,2672.4005475483973,2.6140188283019725,9165.719918235362,50654.42941981434,3422.5101640812672,"synthetic projection (imputed SOC, calibrated weights, single seed)"
E14001588,Windsor,South East,-0.77730554,63.608767021301546,2992.5867384276607,2.7122032723109006,7820.511425001237,59508.061656864746,3785.234429820757,"synthetic projection (imputed SOC, calibrated weights, single seed)"
E14001589,Wirral West,North West,1.6033739,60.69288755896075,1877.909001333861,2.1443390726001974,9891.130773836861,41002.116607744596,2488.5368529532398,"synthetic projection (imputed SOC, calibrated weights, single seed)"
E14001590,Witham,Eastern,1.5956969,60.94740152789924,2995.2094701511414,2.9070699850505335,8516.146072736883,50310.94518522076,3066.3213774517785,"synthetic projection (imputed SOC, calibrated weights, single seed)"
E14001591,Witney,South East,-0.7648875,70.5132491229064,3303.245354138522,3.4078451756056474,5919.560377761504,53854.02403988526,3797.4222133954195,"synthetic projection (imputed SOC, calibrated weights, single seed)"
E14001592,Woking,South East,-3.5300262,89.70400795073023,4360.824560922047,4.197938827989123,9473.577040932028,55720.15754076353,4998.321455052593,"synthetic projection (imputed SOC, calibrated weights, single seed)"
E14001593,Wokingham,South East,-2.4343674,83.07042580579652,3627.4132999987487,3.642194040007557,9282.08811348203,52341.1215634955,4347.999255432529,"synthetic projection (imputed SOC, calibrated weights, single seed)"
E14001594,Wolverhampton North East,West Midlands,2.315035,58.92564096495187,3082.777504439233,2.8345813044579273,15113.59870937846,46153.333127984246,2719.6147372354185,"synthetic projection (imputed SOC, calibrated weights, single seed)"
E14001595,Wolverhampton South East,West Midlands,2.5111418,64.29915783100203,3222.2457687067435,2.6945207148437795,16007.751017741151,50655.313693361764,3257.094010148387,"synthetic projection (imputed SOC, calibrated weights, single seed)"
E14001596,Wolverhampton West,West Midlands,1.3079604,65.91920722342212,4264.941606301767,3.7009745225914323,11674.666897064497,53442.628600637414,3522.895709289803,"synthetic projection (imputed SOC, calibrated weights, single seed)"
E14001597,Worcester,West Midlands,0.7235755,63.00789002192748,3313.0798101702676,3.2141559157311015,9881.432619901487,51970.554934281536,3274.5550096777515,"synthetic projection (imputed SOC, calibrated weights, single seed)"
E14001598,Worsley and Eccles,North West,0.6624482,61.57123107682734,3459.077152516078,3.185407498614299,10445.890004561617,55452.625331720956,3414.2864081161206,"synthetic projection (imputed SOC, calibrated weights, single seed)"
E14001599,Worthing West,South East,1.593432,60.79208825151609,2617.953004147166,2.630542930235004,8882.663596743552,48331.16234555626,2938.1522866094074,"synthetic projection (imputed SOC, calibrated weights, single seed)"
E14001600,Wycombe,South East,-0.20978072,60.92719956534525,3224.8360077361867,3.0168432042619813,8609.196943331854,56491.5161346605,3441.8698772853813,"synthetic projection (imputed SOC, calibrated weights, single seed)"
E14001601,Wyre Forest,West Midlands,1.7485136,62.43243053700269,2998.530765725729,2.945675284669784,11401.282135145482,46936.6216779479,2930.3673725500566,"synthetic projection (imputed SOC, calibrated weights, single seed)"
E14001602,Wythenshawe and Sale East,North West,0.869007,59.040260958196725,3524.0221051311637,3.1619018062344084,11167.236222775347,54452.03920058193,3214.862604108315,"synthetic projection (imputed SOC, calibrated weights, single seed)"
E14001603,Yeovil,South West,1.7124988,59.79688931695927,2874.6181616527174,2.728128312631834,11869.775773897243,49448.23719590838,2956.850766522482,"synthetic projection (imputed SOC, calibrated weights, single seed)"
E14001604,York Central,Yorkshire and the Humber,0.06330116,65.0342533766891,2864.3167533323904,2.3655075471911173,16558.611977968194,54348.44188301974,3534.5103400485673,"synthetic projection (imputed SOC, calibrated weights, single seed)"
E14001605,York Outer,Yorkshire and the Humber,0.70879024,66.2220089526331,2591.998866440379,2.7974535802562115,10085.429882871182,44264.827297482625,2931.3057895806523,"synthetic projection (imputed SOC, calibrated weights, single seed)"
N05000001,Belfast East,Northern Ireland,-1.5488051,75.13597522413218,2582.7928274129736,2.3656298764798525,6907.704947727432,54924.8179596252,4126.8297614043695,"synthetic projection (imputed SOC, calibrated weights, single seed)"
N05000002,Belfast North,Northern Ireland,-1.488462,83.21893772174369,1378.300905868724,1.3682850283784787,9161.895260081477,44802.27795200784,3728.39797868039,"synthetic projection (imputed SOC, calibrated weights, single seed)"
N05000003,Belfast South and Mid Down,Northern Ireland,-1.3116698,78.728177910073,2250.81562214483,2.034317260219332,6893.332656131979,51495.645374851694,4054.158330665352,"synthetic projection (imputed SOC, calibrated weights, single seed)"
N05000004,Belfast West,Northern Ireland,-1.2669889,88.1815687333654,1854.6536202225252,1.6267181656984375,13242.750824512597,48365.39858568438,4264.936719700141,"synthetic projection (imputed SOC, calibrated weights, single seed)"
N05000005,East Antrim,Northern Ireland,-0.9004909,84.91732998593933,1596.0875597765553,1.4208213346955598,11589.163724934451,45693.29605563948,3880.152699301958,"synthetic projection (imputed SOC, calibrated weights, single seed)"
N05000006,East Londonderry,Northern Ireland,-0.64103687,91.5951779712299,1528.642552084857,1.4102925513450224,11888.061943984007,41006.242262855085,3755.9740579975805,"synthetic projection (imputed SOC, calibrated weights, single seed)"
N05000007,Fermanagh and South Tyrone,Northern Ireland,-1.2673674,94.84396851265822,3408.2114714565687,3.233736733446876,8817.862044877349,48456.679663391296,4595.82380022265,"synthetic projection (imputed SOC, calibrated weights, single seed)"
N05000008,Foyle,Northern Ireland,-0.76777756,73.89025131353229,1875.1320405981605,1.8767802921782843,8381.123233286884,42715.88406142208,3156.2874083781862,"synthetic projection (imputed SOC, calibrated weights, single seed)"
N05000009,Lagan Valley,Northern Ireland,-1.9906306,85.27109965298808,4164.233287917836,4.072017492594023,6474.6353196279415,52820.289287689215,4504.044151550206,"synthetic projection (imputed SOC, calibrated weights, single seed)"
N05000010,Mid Ulster,Northern Ireland,-2.0483782,102.93348216154676,2154.327561014914,2.1170654217449094,8462.629047789927,45315.132856657394,4664.444419548865,"synthetic projection (imputed SOC, calibrated weights, single seed)"
N05000011,Newry and Armagh,Northern Ireland,-2.0640178,104.30979800927182,3455.6675229737157,3.611277951963694,10001.82211355537,43522.94317810531,4539.86941167718,"synthetic projection (imputed SOC, calibrated weights, single seed)"
N05000012,North Antrim,Northern Ireland,-1.2389774,93.04092888975325,3033.7283585807018,3.1019233077125623,8072.502723986952,45754.12508826728,4257.006298750352,"synthetic projection (imputed SOC, calibrated weights, single seed)"
N05000013,North Down,Northern Ireland,-0.76533824,83.10577295011576,1995.1870179132384,1.7859705656082618,9322.17026201512,49963.19405973213,4152.229861390671,"synthetic projection (imputed SOC, calibrated weights, single seed)"
N05000014,South Antrim,Northern Ireland,-1.8176303,95.17557749246679,3148.5530716625,3.0676107571952915,11045.79974360723,48590.85786531133,4624.662958185378,"synthetic projection (imputed SOC, calibrated weights, single seed)"
N05000015,South Down,Northern Ireland,-1.5742425,100.28859354930105,3176.421213071022,3.2402431024554175,6612.080079064201,44165.88783632715,4429.334773961433,"synthetic projection (imputed SOC, calibrated weights, single seed)"
N05000016,Strangford,Northern Ireland,-1.3167187,93.9720141130941,1962.4197817262902,1.8618773292051303,10437.552873741946,43248.75202458272,4064.1723356277944,"synthetic projection (imputed SOC, calibrated weights, single seed)"
N05000017,Upper Bann,Northern Ireland,-1.6922524,81.97896468575486,3327.316160737246,3.3682763886580127,5031.928982291827,55657.42066405917,4562.737723119109,"synthetic projection (imputed SOC, calibrated weights, single seed)"
N05000018,West Tyrone,Northern Ireland,-0.5676547,92.38051417442071,1567.5771860716777,1.3949889545200087,13851.61558338214,45092.54082077064,4165.672106453847,"synthetic projection (imputed SOC, calibrated weights, single seed)"
S14000021,East Renfrewshire,Scotland,-0.28701138,77.10997984922476,-0.27914755398160196,-0.0003052555249980437,12523.131170325105,41391.201236108885,3191.6746932515634,"synthetic projection (imputed SOC, calibrated weights, single seed)"
S14000027,Na h-Eileanan an Iar,Scotland,-2.0996244,96.34815824353834,-0.1277898399021069,-0.0001299512752561947,13832.82823344252,42045.12301867165,4050.970165972012,"synthetic projection (imputed SOC, calibrated weights, single seed)"
S14000045,Midlothian,Scotland,-0.93649393,80.44170383326384,447.57188430307724,0.5061218678340914,12716.742607644237,40281.56915684097,3240.3180560537367,"synthetic projection (imputed SOC, calibrated weights, single seed)"
S14000048,North Ayrshire and Arran,Scotland,-2.4175806,82.40917393519949,314.9348805271675,0.3270719431691883,11697.998898463387,47684.19844761965,3929.6154038304576,"synthetic projection (imputed SOC, calibrated weights, single seed)"
S14000051,Orkney and Shetland,Scotland,-1.380617,90.53988152998046,-414.78497747250185,-1.4574471444765724,6086.861078562373,13673.23701874211,1237.9732598082537,"synthetic projection (imputed SOC, calibrated weights, single seed)"
S14000060,Aberdeen North,Scotland,-1.1093806,74.28526452032087,57.368702138417575,0.057292189431861124,12369.007815671031,48748.856665237894,3621.3217124404036,"synthetic projection (imputed SOC, calibrated weights, single seed)"
S14000061,Aberdeen South,Scotland,-0.7556086,64.91206670728786,45.594305999269636,0.04703208772860389,9560.3550987619,53250.68107984194,3456.6117624632116,"synthetic projection (imputed SOC, calibrated weights, single seed)"
S14000062,Aberdeenshire North and Moray East,Scotland,-0.7209664,78.73784262263332,133.94031584628829,0.1426934314351198,13632.33117793691,41990.51236128129,3306.2423539463052,"synthetic projection (imputed SOC, calibrated weights, single seed)"
S14000063,Airdrie and Shotts,Scotland,-1.594678,79.2655354881426,-142.09927438807426,-0.3016933814193648,6856.094346740814,23121.161108571523,1832.7112163785387,"synthetic projection (imputed SOC, calibrated weights, single seed)"
S14000064,Alloa and Grangemouth,Scotland,-3.3056858,79.04920806328859,1360.270049204766,1.36986149910314,11506.05512093657,50533.00692307067,3994.5941783254166,"synthetic projection (imputed SOC, calibrated weights, single seed)"
S14000065,Angus and Perthshire Glens,Scotland,-1.9330057,79.17932642636883,1328.4820011780412,1.1245538279206564,16594.04301886419,54762.96347282342,4336.094560889998,"synthetic projection (imputed SOC, calibrated weights, single seed)"
S14000066,Arbroath and Broughty Ferry,Scotland,-2.06084,83.07865142967302,2792.549852510476,2.0322269245927997,16250.759430982029,60303.56997850514,5009.939270209123,"synthetic projection (imputed SOC, calibrated weights, single seed)"
S14000067,"Argyll, Bute and South Lochaber",Scotland,-1.1266116,83.06859134663976,113.76074280085959,0.11587348519284203,13380.472163550667,45254.170163695075,3759.200168059284,"synthetic projection (imputed SOC, calibrated weights, single seed)"
S14000068,Bathgate and Linlithgow,Scotland,-0.0137498835,72.91730610586825,179.20455503767153,0.1674831034046109,15526.733094849287,46820.65961579392,3414.036369283509,"synthetic projection (imputed SOC, calibrated weights, single seed)"
S14000069,"Caithness, Sutherland and Easter Ross",Scotland,-1.5802463,72.6823658355243,-293.7895526330558,-0.3501650479889298,9005.983327583137,47920.65889158545,3482.986860637584,"synthetic projection (imputed SOC, calibrated weights, single seed)"
S14000070,Coatbridge and Bellshill,Scotland,-1.4159108,91.79813842139042,364.32371284449073,0.33324932635948196,16158.958489594657,49936.87376942707,4584.112050617367,"synthetic projection (imputed SOC, calibrated weights, single seed)"
S14000071,Cowdenbeath and Kirkcaldy,Scotland,-0.58825547,80.93394478867644,-420.29639713830693,-0.37868022702347454,18222.58115337779,47453.97250681781,3840.637190870162,"synthetic projection (imputed SOC, calibrated weights, single seed)"
S14000072,Cumbernauld and Kirkintilloch,Scotland,-0.8026558,83.04552244838577,780.9901504700447,0.7943228966631163,14137.338162896669,41572.45309060296,3452.4060863701325,"synthetic projection (imputed SOC, calibrated weights, single seed)"
S14000073,Dumfries and Galloway,Scotland,-1.7370088,77.92934746969178,1402.2192051250386,1.777650695058578,6540.575636609836,50311.71468488214,3920.7590954741754,"synthetic projection (imputed SOC, calibrated weights, single seed)"
S14000074,"Dumfriesshire, Clydesdale and Tweeddale",Scotland,0.12551314,94.36589716918013,363.8928244609033,0.25536247890134617,29758.56458811915,49146.96552277574,4637.797494699496,"synthetic projection (imputed SOC, calibrated weights, single seed)"
S14000075,Dundee Central,Scotland,-0.7127879,66.30863309086527,104.36010196370626,0.10650648361417608,12197.54522374059,50564.37381501749,3352.85451076935,"synthetic projection (imputed SOC, calibrated weights, single seed)"
S14000076,Dunfermline and Dollar,Scotland,-0.6662766,66.50210097437163,337.67078104858774,0.3617843622787231,12043.05612623641,45014.27657615287,2993.54396615561,"synthetic projection (imputed SOC, calibrated weights, single seed)"
S14000077,East Kilbride and Strathaven,Scotland,-1.4328557,85.6928317122771,32.59308164533104,0.03356189997940809,12044.476589098518,47114.57144254929,4037.381041822433,"synthetic projection (imputed SOC, calibrated weights, single seed)"
S14000078,Edinburgh East and Musselburgh,Scotland,-0.61010355,77.30321899766693,-495.515717538221,-0.495828343829682,12740.73039928559,45873.97451506778,3546.2058982316757,"synthetic projection (imputed SOC, calibrated weights, single seed)"
S14000079,Edinburgh North and Leith,Scotland,-1.1247514,90.12008970761474,566.0436658326398,0.615278250154159,12496.11921969129,39465.40242304989,3556.6256067123722,"synthetic projection (imputed SOC, calibrated weights, single seed)"
S14000080,Edinburgh South,Scotland,-0.5016609,85.97265643999498,-1568.7300584810855,-1.3677016483267168,21212.22646679335,46861.388526863826,4028.798056121186,"synthetic projection (imputed SOC, calibrated weights, single seed)"
S14000081,Edinburgh South West,Scotland,-1.1442122,70.0564613528463,-361.29578347515053,-0.4163029368742316,10867.887761450498,44137.8556286854,3092.141977048508,"synthetic projection (imputed SOC, calibrated weights, single seed)"
S14000082,Edinburgh West,Scotland,-1.9077163,72.68645211898992,-177.4074920015537,-0.19624271448784592,11321.294049452303,46903.31724167893,3409.2357229090903,"synthetic projection (imputed SOC, calibrated weights, single seed)"
S14000083,Falkirk,Scotland,-1.6085485,77.39312861199994,572.429687681597,0.47183011886822257,15070.9090315775,57707.99966291762,4466.202639853433,"synthetic projection (imputed SOC, calibrated weights, single seed)"
S14000084,Glasgow East,Scotland,-1.227675,78.59680685209914,1530.2776326781186,1.4166208041167019,8018.630531184741,63015.437958458584,4952.812205921406,"synthetic projection (imputed SOC, calibrated weights, single seed)"
S14000085,Glasgow North,Scotland,1.6889279,66.36742624485471,420.29793900293225,0.3908415780900215,9748.41711678288,48529.04418940789,3220.7477609738235,"synthetic projection (imputed SOC, calibrated weights, single seed)"
S14000086,Glasgow North East,Scotland,-2.393597,81.28803095800164,1843.502881080467,1.6659731862823934,12584.717593010751,55918.40293684909,4545.496869052598,"synthetic projection (imputed SOC, calibrated weights, single seed)"
S14000087,Glasgow South,Scotland,-1.0152125,62.43538295136714,339.7380327561059,0.3180119717163263,9310.299689824746,56846.251002773555,3549.217450707705,"synthetic projection (imputed SOC, calibrated weights, single seed)"
S14000088,Glasgow South West,Scotland,-2.1232994,71.97740894124495,-373.50549103904814,-0.4399253242208053,9487.825289744524,50239.324855734194,3616.096430073232,"synthetic projection (imputed SOC, calibrated weights, single seed)"
S14000089,Glasgow West,Scotland,-0.6411053,74.11593176201143,-179.04739867640455,-0.1720131643950676,11990.16430399645,50427.49088361197,3737.4804732592384,"synthetic projection (imputed SOC, calibrated weights, single seed)"
S14000090,Glenrothes and Mid Fife,Scotland,-0.18646745,94.78416401174755,-34.91661721075434,-0.02658460963694692,25359.855526290157,46548.22131675239,4412.034243742182,"synthetic projection (imputed SOC, calibrated weights, single seed)"
S14000091,Gordon and Buchan,Scotland,0.18490216,83.36617924758042,974.4523333212419,0.7780532283304368,19598.031714461256,53335.50005341322,4446.376857712181,"synthetic projection (imputed SOC, calibrated weights, single seed)"
S14000092,Hamilton and Clyde Valley,Scotland,-1.1392945,69.17193684030866,-1430.9982749400788,-1.5536783131799647,12478.158912107167,44187.857331824474,3056.559676465533,"synthetic projection (imputed SOC, calibrated weights, single seed)"
S14000093,Inverclyde and Renfrewshire West,Scotland,-0.39535663,82.60940425417026,-1604.882354116,-1.543060840412495,16119.941181404703,45972.16397917362,3797.733078594558,"synthetic projection (imputed SOC, calibrated weights, single seed)"
S14000094,"Inverness, Skye and West Ross-shire",Scotland,-0.0809467,76.94788076392057,-480.29268682476504,-0.39603098262319014,20346.593317669027,48693.642166220554,3746.872571367354,"synthetic projection (imputed SOC, calibrated weights, single seed)"
S14000095,Livingston,Scotland,-0.37676078,82.91694915634186,-491.5769965016225,-0.49969350523517797,15352.325254998708,41835.6466640462,3468.884187365402,"synthetic projection (imputed SOC, calibrated weights, single seed)"
S14000096,Lothian East,Scotland,-1.5257164,68.72909019557409,427.9564978036451,0.4934196511432941,8995.562097282836,48912.40874056965,3361.7053520133977,"synthetic projection (imputed SOC, calibrated weights, single seed)"
S14000097,Mid Dunbartonshire,Scotland,-1.3821657,68.45577910563709,-184.00912247356973,-0.2008049098128948,9811.852609116419,48010.67494136052,3286.608158498322,"synthetic projection (imputed SOC, calibrated weights, single seed)"
S14000098,"Moray West, Nairn and Strathspey",Scotland,-0.47819382,84.6410379092421,-428.05423782091384,-0.3977480858692441,17490.7331703294,47072.88378682697,3984.2977410981694,"synthetic projection (imputed SOC, calibrated weights, single seed)"
S14000099,"Motherwell, Wishaw and Carluke",Scotland,-1.3595153,81.97677939457601,-907.6355807329674,-0.7696866763159337,19208.375801627073,55267.43259441097,4530.646129496628,"synthetic projection (imputed SOC, calibrated weights, single seed)"
S14000100,North East Fife,Scotland,-1.3182173,62.155597175130964,414.44512510222376,0.42300942073949305,8445.094724488135,55207.057868592165,3431.4276501043587,"synthetic projection (imputed SOC, calibrated weights, single seed)"
S14000101,Paisley and Renfrewshire North,Scotland,-2.2056262,89.9133442223587,782.7260815511436,0.9083518957594096,10882.92285165943,44770.75097272954,4025.4879433045317,"synthetic projection (imputed SOC, calibrated weights, single seed)"
S14000102,Paisley and Renfrewshire South,Scotland,-2.1964624,84.64752899250924,-161.300905115555,-0.14889771651768666,14014.795664387355,49370.67180603712,4179.1053730811855,"synthetic projection (imputed SOC, calibrated weights, single seed)"
S14000103,Perth and Kinross-shire,Scotland,-0.56224555,78.4111461458367,-597.1487272337854,-0.5631133509249475,13704.902846889428,49260.77846766125,3862.5940996854715,"synthetic projection (imputed SOC, calibrated weights, single seed)"
S14000104,Rutherglen,Scotland,-0.20110719,66.26612190293186,-214.37449516456945,-0.21065092766219184,12604.739012882146,50634.35734249165,3355.3424961341643,"synthetic projection (imputed SOC, calibrated weights, single seed)"
S14000105,Stirling and Strathallan,Scotland,-1.0620507,104.90287584992207,1023.6307252088136,0.9567059794972544,16835.050529799562,41481.48724805018,4351.527306852333,"synthetic projection (imputed SOC, calibrated weights, single seed)"
S14000106,West Dunbartonshire,Scotland,-0.31281435,64.81716689812696,-888.833567907328,-0.9644650259648897,11328.126533029223,47278.012911080135,3064.426853469282,"synthetic projection (imputed SOC, calibrated weights, single seed)"
S14000107,"Ayr, Carrick and Cumnock",Scotland,-1.1837533,84.86502685671162,324.7195975146424,0.3336854883583816,15012.550038266403,45850.21731134216,3891.0799235131162,"synthetic projection (imputed SOC, calibrated weights, single seed)"
S14000108,"Berwickshire, Roxburgh and Selkirk",Scotland,-1.31119,77.3618384598221,133.6002159772579,0.12967957738999467,11815.618957328405,51891.07584170922,4014.3890267726856,"synthetic projection (imputed SOC, calibrated weights, single seed)"
S14000109,Central Ayrshire,Scotland,-0.9377253,67.93888758406894,-384.9451454010341,-0.47275809906102684,9548.224136302408,45429.221092174645,3086.410744813067,"synthetic projection (imputed SOC, calibrated weights, single seed)"
S14000110,Kilmarnock and Loudoun,Scotland,-2.5366137,80.86728098297473,-478.69418655762274,-0.421039243106173,17541.597406700654,50269.79615628672,4065.1817307273013,"synthetic projection (imputed SOC, calibrated weights, single seed)"
S14000111,West Aberdeenshire and Kincardine,Scotland,-0.8190137,70.37498740665136,-268.3775162701295,-0.2722465054166807,13942.537478979526,48991.45686028425,3447.773159576007,"synthetic projection (imputed SOC, calibrated weights, single seed)"
W07000081,Aberafan Maesteg,Wales,-0.3353908,57.30051105695844,1617.8229020154686,1.7266234600163848,10245.805187522521,43680.13884630007,2502.894278931897,"synthetic projection (imputed SOC, calibrated weights, single seed)"
W07000082,Alyn and Deeside,Wales,-1.2964686,68.13715305712223,2482.630368719838,2.312695439191253,10519.164778497812,53222.211438757644,3626.409966841151,"synthetic projection (imputed SOC, calibrated weights, single seed)"
W07000083,Bangor Aberconwy,Wales,0.19247308,62.22126003861497,1462.6620210881229,1.4692418782726004,12451.28930959223,40976.6690988181,2549.6199835138395,"synthetic projection (imputed SOC, calibrated weights, single seed)"
W07000084,Blaenau Gwent and Rhymney,Wales,0.14654396,62.10200948459106,1757.2481377241784,1.7462158077931125,13174.239589736892,43644.467972318394,2710.4091639668477,"synthetic projection (imputed SOC, calibrated weights, single seed)"
W07000085,"Brecon, Radnor and Cwm Tawe",Wales,0.4521136,60.61306935799662,1467.4189572734758,1.6029317066903455,10880.490639842135,37084.20840433279,2247.787696098225,"synthetic projection (imputed SOC, calibrated weights, single seed)"
W07000086,Bridgend,Wales,-0.23372416,59.893218950146796,1974.6171634291823,1.992396102642819,10951.551334584748,44690.4453748965,2676.654629818251,"synthetic projection (imputed SOC, calibrated weights, single seed)"
W07000087,Caerfyrddin,Wales,0.19735391,50.067907903206674,1487.0973136668326,1.5362812867873694,9775.250426785595,45832.908214928786,2294.757827441179,"synthetic projection (imputed SOC, calibrated weights, single seed)"
W07000088,Caerphilly,Wales,-0.563918,66.8937189240062,1955.3806832214177,1.9454303022279171,11315.618208272354,44219.26556653243,2957.9911218336056,"synthetic projection (imputed SOC, calibrated weights, single seed)"
W07000089,Cardiff East,Wales,-1.2376772,64.76344053128958,-218.7586304807919,-0.19232667348064955,18181.521814969998,50127.599889787205,3246.435834438511,"synthetic projection (imputed SOC, calibrated weights, single seed)"
W07000090,Cardiff North,Wales,-1.6288948,67.12315801313913,1744.3518660423579,1.769379281125131,9729.732420496928,48165.178870740914,3232.998912071853,"synthetic projection (imputed SOC, calibrated weights, single seed)"
W07000091,Cardiff South and Penarth,Wales,-1.1104122,65.89710381053851,1294.6888191119942,1.2191751403329414,14299.259425564907,47235.18894004169,3112.662149092328,"synthetic projection (imputed SOC, calibrated weights, single seed)"
W07000092,Cardiff West,Wales,-1.48982,62.92644363422371,1905.1173550668755,1.7922975581226412,11944.714296804636,50839.78619728294,3199.1669405193097,"synthetic projection (imputed SOC, calibrated weights, single seed)"
W07000093,Ceredigion Preseli,Wales,0.6603086,51.64896811660724,1187.1081181834452,1.2027973678709762,14433.788716068211,38559.09443717725,1991.5374391910154,"synthetic projection (imputed SOC, calibrated weights, single seed)"
W07000094,Clwyd East,Wales,0.28807452,56.84040595513415,1266.8363136603439,1.2705303242029846,11613.289087441884,44591.30798950652,2534.5880481939676,"synthetic projection (imputed SOC, calibrated weights, single seed)"
W07000095,Clwyd North,Wales,0.44292748,56.43728270381779,1453.2762294413114,1.435041764170494,10197.473079760835,43554.98759812716,2458.1251482367807,"synthetic projection (imputed SOC, calibrated weights, single seed)"
W07000096,Dwyfor Meirionnydd,Wales,1.5958867,45.70437124875688,1111.159534870123,1.1115119862376996,11953.770538043485,38145.21663804687,1743.4031425895519,"synthetic projection (imputed SOC, calibrated weights, single seed)"
W07000097,Gower,Wales,-0.31107008,59.73888795276528,1620.0574776367575,1.6389184229883031,9619.408352537474,46750.50723060132,2792.823313183835,"synthetic projection (imputed SOC, calibrated weights, single seed)"
W07000098,Llanelli,Wales,-0.029758643,60.97811076440713,1443.3812950371066,1.5169208166983223,11868.572423126978,40937.822960340796,2496.3111029293505,"synthetic projection (imputed SOC, calibrated weights, single seed)"
W07000099,Merthyr Tydfil and Aberdare,Wales,0.3368152,53.20205634969208,1487.6609195918136,1.453284707213015,13130.741219408967,43834.498670316156,2332.0854683186626,"synthetic projection (imputed SOC, calibrated weights, single seed)"
W07000100,Mid and South Pembrokeshire,Wales,0.33069155,54.00313328815985,1550.8196335303073,1.4874543480564126,12729.07105355255,43826.712755760134,2366.7798105312104,"synthetic projection (imputed SOC, calibrated weights, single seed)"
W07000101,Monmouthshire,Wales,0.071072236,56.605541645349106,1527.5029650277284,1.6293805013157303,7086.637896836315,43488.56236093426,2461.6936278182257,"synthetic projection (imputed SOC, calibrated weights, single seed)"
W07000102,Montgomeryshire and Glyndwr,Wales,0.4340294,55.450900368603136,1468.1719209920557,1.480645534251696,11578.009173782715,43911.2274550434,2434.917098672682,"synthetic projection (imputed SOC, calibrated weights, single seed)"
W07000103,Neath and Swansea East,Wales,-0.04422661,55.877630740337786,1413.9024176558596,1.3755168208107622,11237.063193340417,46048.705684884735,2573.0925723304827,"synthetic projection (imputed SOC, calibrated weights, single seed)"
W07000104,Newport East,Wales,-0.90674484,61.18565592617918,2226.5490241873194,2.003929436425181,10303.936425785156,51943.03805751148,3178.1688543473283,"synthetic projection (imputed SOC, calibrated weights, single seed)"
W07000105,Newport West and Islwyn,Wales,-0.2565992,56.21191786300142,1709.7129255140608,1.6385877188194236,10966.968492565382,47976.12888736031,2696.8302164010674,"synthetic projection (imputed SOC, calibrated weights, single seed)"
W07000106,Pontypridd,Wales,-0.21645105,58.31695615943242,1684.6972513783548,1.6004439983636412,11303.301244131118,49525.59971957198,2888.182227615878,"synthetic projection (imputed SOC, calibrated weights, single seed)"
W07000107,Rhondda and Ogmore,Wales,-0.059386842,55.077876930810184,1650.9213054289285,1.5278390741972654,9950.149984049349,48096.12050560828,2649.032206057309,"synthetic projection (imputed SOC, calibrated weights, single seed)"
W07000108,Swansea West,Wales,-0.10646322,60.85792146031356,1170.2857392199512,1.0762423479069865,13713.422526178238,48538.456361878605,2953.9495650760655,"synthetic projection (imputed SOC, calibrated weights, single seed)"
W07000109,Torfaen,Wales,0.22084159,51.37626712462437,1513.1828895134677,1.586441576545533,10487.14631914054,43094.62136694649,2214.0407789827877,"synthetic projection (imputed SOC, calibrated weights, single seed)"
W07000110,Vale of Glamorgan,Wales,-0.5729211,61.12128227079043,1725.175606786128,1.7461913732348113,9814.336013219145,44967.350348077794,2748.462113594389,"synthetic projection (imputed SOC, calibrated weights, single seed)"
W07000111,Wrexham,Wales,-0.99246466,61.59288082767178,2113.4248402100056,2.049240705901016,10702.273041958088,50031.950586701816,3081.6119700626878,"synthetic projection (imputed SOC, calibrated weights, single seed)"
W07000112,Ynys Môn,Wales,0.6820606,52.422357698686454,1219.5692958127474,1.6613021523143061,6860.14099636308,32558.831220272805,1706.810696480301,"synthetic projection (imputed SOC, calibrated weights, single seed)"
