{
  "scenario": "central",
  "displaced_weighted_m": 1.607592225074768,
  "new_uc_benunits_thousands": 450.7584228515625,
  "exiting_uc_benunits_thousands": 57.76302719116211,
  "net_new_uc_benunits_thousands": 392.9953918457031,
  "new_uc_households_thousands": 437.8365173339844,
  "new_uc_persons_thousands": 1073.4632568359375,
  "uc_spend_baseline_bn": 39.82927872,
  "uc_spend_shocked_bn": 43.324993536,
  "uc_spend_change_bn": 3.495714816,
  "uc_housing_element_change_bn": 1.085197312,
  "passported_change_bn": {
    "free_school_meals": 0.0,
    "council_tax_benefit": 0.0
  },
  "context_dwp_welfare_spend_2025_26_bn": 334.0
}