{
  "scenario": "high",
  "displaced_weighted_m": 2.9988105297088623,
  "new_uc_benunits_thousands": 775.3396606445312,
  "exiting_uc_benunits_thousands": 55.86228942871094,
  "net_new_uc_benunits_thousands": 719.4773559570312,
  "new_uc_households_thousands": 741.0840454101562,
  "new_uc_persons_thousands": 1831.7257080078125,
  "uc_spend_baseline_bn": 39.82927872,
  "uc_spend_shocked_bn": 46.644236288,
  "uc_spend_change_bn": 6.814957568,
  "uc_housing_element_change_bn": 1.773164544,
  "passported_change_bn": {
    "free_school_meals": 0.0,
    "council_tax_benefit": 0.0
  },
  "context_dwp_welfare_spend_2025_26_bn": 334.0
}