{
  "scenario": "incidence_uniform",
  "displaced_weighted_m": 1.6150879859924316,
  "new_uc_benunits_thousands": 442.7804260253906,
  "exiting_uc_benunits_thousands": 57.76302719116211,
  "net_new_uc_benunits_thousands": 385.01739501953125,
  "new_uc_households_thousands": 420.61163330078125,
  "new_uc_persons_thousands": 1022.349853515625,
  "uc_spend_baseline_bn": 39.82927872,
  "uc_spend_shocked_bn": 43.137507328,
  "uc_spend_change_bn": 3.308228608,
  "uc_housing_element_change_bn": 1.045000192,
  "passported_change_bn": {
    "free_school_meals": 0.0,
    "council_tax_benefit": 0.0
  },
  "context_dwp_welfare_spend_2025_26_bn": 334.0
}