{
  "scenario": "incidence_exposure",
  "displaced_weighted_m": 1.607592225074768,
  "new_uc_benunits_thousands": 433.64581298828125,
  "exiting_uc_benunits_thousands": 57.8610954284668,
  "net_new_uc_benunits_thousands": 375.78472900390625,
  "new_uc_households_thousands": 415.3765563964844,
  "new_uc_persons_thousands": 1013.9007568359375,
  "uc_spend_baseline_bn": 41.361952768,
  "uc_spend_shocked_bn": 44.665700352,
  "uc_spend_change_bn": 3.303747584,
  "uc_housing_element_change_bn": 1.079711744,
  "passported_change_bn": {
    "free_school_meals": 0.0,
    "council_tax_benefit": 0.009086208
  },
  "context_dwp_welfare_spend_2025_26_bn": 334.0
}