{
  "scenario": "incidence_compression",
  "displaced_weighted_m": 1.6121337413787842,
  "new_uc_benunits_thousands": 421.6236572265625,
  "exiting_uc_benunits_thousands": 59.08848190307617,
  "net_new_uc_benunits_thousands": 362.5351867675781,
  "new_uc_households_thousands": 395.9344787597656,
  "new_uc_persons_thousands": 1004.3485107421875,
  "uc_spend_baseline_bn": 39.82927872,
  "uc_spend_shocked_bn": 43.095261184,
  "uc_spend_change_bn": 3.265982464,
  "uc_housing_element_change_bn": 0.81268224,
  "passported_change_bn": {
    "free_school_meals": 0.0,
    "council_tax_benefit": 0.0
  },
  "context_dwp_welfare_spend_2025_26_bn": 334.0
}