{
  "scenario": "incidence_junior",
  "displaced_weighted_m": 1.6116807460784912,
  "new_uc_benunits_thousands": 380.9651794433594,
  "exiting_uc_benunits_thousands": 54.561100006103516,
  "net_new_uc_benunits_thousands": 326.4040832519531,
  "new_uc_households_thousands": 355.3255615234375,
  "new_uc_persons_thousands": 884.2899780273438,
  "uc_spend_baseline_bn": 39.82927872,
  "uc_spend_shocked_bn": 42.377388032,
  "uc_spend_change_bn": 2.548109312,
  "uc_housing_element_change_bn": 0.414222336,
  "passported_change_bn": {
    "free_school_meals": 0.0,
    "council_tax_benefit": 0.0
  },
  "context_dwp_welfare_spend_2025_26_bn": 334.0
}