{
  "scenario": "incidence_compression",
  "displaced_weighted_m": 1.6121337413787842,
  "new_uc_benunits_thousands": 402.1209411621094,
  "exiting_uc_benunits_thousands": 60.530208587646484,
  "net_new_uc_benunits_thousands": 341.5907287597656,
  "new_uc_households_thousands": 373.970947265625,
  "new_uc_persons_thousands": 942.7931518554688,
  "uc_spend_baseline_bn": 41.361952768,
  "uc_spend_shocked_bn": 44.573585408,
  "uc_spend_change_bn": 3.21163264,
  "uc_housing_element_change_bn": 0.882489344,
  "passported_change_bn": {
    "free_school_meals": 0.0,
    "council_tax_benefit": 0.011807488
  },
  "context_dwp_welfare_spend_2025_26_bn": 334.0
}