scenario,displaced_weighted_m,new_uc_benunits_thousands,exiting_uc_benunits_thousands,net_new_uc_benunits_thousands,new_uc_households_thousands,new_uc_persons_thousands,uc_spend_baseline_bn,uc_spend_shocked_bn,uc_spend_change_bn,uc_housing_element_change_bn,context_dwp_welfare_spend_2025_26_bn
central,1.607592225074768,433.64581298828125,57.8610954284668,375.78472900390625,415.3765563964844,1013.9007568359375,41.361952768,44.665700352,3.303747584,1.079711744,334.0
high,2.9988105297088623,753.8755493164062,59.173404693603516,694.7021484375,716.7334594726562,1754.8199462890625,41.361952768,47.967137792,6.605185024,1.819695104,334.0
low,0.23082461953163147,77.88045501708984,19.80097198486328,58.0794792175293,75.06170654296875,149.3408660888672,41.361952768,41.724141568,0.3621888,0.069014528,334.0
incidence_exposure,1.607592225074768,433.64581298828125,57.8610954284668,375.78472900390625,415.3765563964844,1013.9007568359375,41.361952768,44.665700352,3.303747584,1.079711744,334.0
incidence_junior,1.6116807460784912,360.3250732421875,57.8610954284668,302.4639587402344,329.89520263671875,816.5349731445312,41.361952768,43.836514304,2.474561536,0.516402176,334.0
incidence_compression,1.6121337413787842,402.1209411621094,60.530208587646484,341.5907287597656,373.970947265625,942.7931518554688,41.361952768,44.573585408,3.21163264,0.882489344,334.0
incidence_uniform,1.6150879859924316,429.26605224609375,59.508052825927734,369.75799560546875,398.8695373535156,970.1544799804688,41.361952768,44.520833024,3.158880256,1.087240192,334.0
