scenario,displaced_weighted_m,new_uc_benunits_thousands,exiting_uc_benunits_thousands,net_new_uc_benunits_thousands,new_uc_households_thousands,new_uc_persons_thousands,uc_spend_baseline_bn,uc_spend_shocked_bn,uc_spend_change_bn,uc_housing_element_gross_entitlement_change_bn,context_dwp_welfare_spend_2025_26_bn
central,1.5572571754455566,369.5769958496094,58.990413665771484,310.58660888671875,352.8990478515625,773.8594970703125,41.361952768,43.940450304,2.578497536,0.441034752,334.0
high,3.0419437885284424,731.2042846679688,57.37883758544922,673.8255004882812,678.0222778320312,1733.8170166015625,41.361952768,47.6168192,6.254866432,1.324854272,334.0
low,0.2438051849603653,48.39889144897461,18.268253326416016,30.13063621520996,48.39889144897461,126.58467102050781,41.361952768,41.686880256,0.324927488,0.067903488,334.0
incidence_exposure,1.5572571754455566,369.5769958496094,58.990413665771484,310.58660888671875,352.8990478515625,773.8594970703125,41.361952768,43.940450304,2.578497536,0.441034752,334.0
incidence_junior,1.5430988073349,314.35675048828125,61.4310302734375,252.92572021484375,297.6606140136719,697.7534790039062,41.361952768,43.758968832,2.397016064,0.438506496,334.0
incidence_compression,1.6121337413787842,402.1209411621094,59.26439666748047,342.8565368652344,373.970947265625,942.7931518554688,41.361952768,44.588924928,3.22697216,0.882489344,334.0
incidence_uniform,1.5532170534133911,414.2715148925781,57.28986358642578,356.98162841796875,376.25079345703125,960.36474609375,41.361952768,44.527194112,3.165241344,0.908316672,334.0
