scenario,displaced_weighted_m,new_uc_benunits_thousands,exiting_uc_benunits_thousands,net_new_uc_benunits_thousands,new_uc_households_thousands,new_uc_persons_thousands,uc_spend_baseline_bn,uc_spend_shocked_bn,uc_spend_change_bn,uc_housing_element_change_bn,context_dwp_welfare_spend_2025_26_bn
central,1.607592225074768,450.7584228515625,57.76302719116211,392.9953918457031,437.8365173339844,1073.4632568359375,39.82927872,43.324993536,3.495714816,1.085197312,334.0
high,2.9988105297088623,775.3396606445312,55.86228942871094,719.4773559570312,741.0840454101562,1831.7257080078125,39.82927872,46.644236288,6.814957568,1.773164544,334.0
low,0.23082461953163147,81.26435852050781,21.55206871032715,59.71228790283203,78.44561004638672,161.3256072998047,39.82927872,40.248680448,0.419401728,0.08979456,334.0
incidence_exposure,1.607592225074768,450.7584228515625,57.76302719116211,392.9953918457031,437.8365173339844,1073.4632568359375,39.82927872,43.324993536,3.495714816,1.085197312,334.0
incidence_junior,1.6116807460784912,380.9651794433594,54.561100006103516,326.4040832519531,355.3255615234375,884.2899780273438,39.82927872,42.377388032,2.548109312,0.414222336,334.0
incidence_compression,1.6121337413787842,421.6236572265625,59.08848190307617,362.5351867675781,395.9344787597656,1004.3485107421875,39.82927872,43.095261184,3.265982464,0.81268224,334.0
incidence_uniform,1.6150879859924316,442.7804260253906,57.76302719116211,385.01739501953125,420.61163330078125,1022.349853515625,39.82927872,43.137507328,3.308228608,1.045000192,334.0
