decile,ai_shock_pct,uniform_shock_pct
1,-0.5067966629576037,-0.9268880997307534
2,-1.525617011779823,-1.6100111179046355
3,-1.2091460062007509,-1.571659033899897
4,-1.3288230759141098,-2.288865650095421
5,-1.311740764281476,-1.1357773178604829
6,-2.5386754510137526,-2.50482371391057
7,-3.2220666699844873,-2.437210106554484
8,-2.2054421592209814,-1.5302778285274508
9,-4.8812648895922255,-3.9887394487296564
10,-3.8953246742434797,-2.967185874667978
