decile,ai_shock_pct,uniform_shock_pct
1,-0.6060889436834137,-1.0379299475062658
2,-1.4782858737338898,-1.6942245192830585
3,-1.1616207031258738,-1.4288032355980347
4,-1.5539662535279968,-2.4425306964962146
5,-1.1872660203822245,-1.041186046327329
6,-2.1395125483523754,-2.0893507494422106
7,-3.4045178770614273,-2.6622788045416232
8,-2.231476373217003,-1.55669195579317
9,-4.845721412159738,-3.96166204097176
10,-3.88767730952196,-2.973615737975172
