decile,ai_shock_pct,uniform_shock_pct
1,-1.3117831512034706,-0.7138502049707451
2,-0.9180843545081446,-0.686793905019005
3,-0.857189110611071,-1.985989729930936
4,-1.94096519598127,-1.7284644398724451
5,-1.4522581457043615,-2.236887527291148
6,-1.234360959509242,-1.482922793505152
7,-3.3197065609784344,-2.722240372623783
8,-3.347740882542783,-2.4007158116607723
9,-2.631360666416864,-3.1231469340495464
10,-5.251779403091543,-2.5209970441139484
