decile,ai_shock_pct,uniform_shock_pct
1,-0.38331546492973195,-0.5594072309746337
2,-0.6189834793036004,-3.8501932848769873
3,-1.580778475059017,-1.634953642073847
4,-1.0738405429396034,-1.0124665886327795
5,-1.4261823561458846,-1.2492065779485293
6,-1.546859933255197,-2.673605714800396
7,-4.502112296741171,-3.9290623913743365
8,-4.535659791327901,-3.257099364640223
9,-3.3157628811377906,-2.2090964374880864
10,-3.4350718650996046,-2.26381492263802
