decile,c_aioe_pct,eloundou_pct
1,-1.3117831512034706,-0.018341274154896572
2,-0.9180843545081446,-0.6259270799286224
3,-0.857189110611071,-0.1093729926677715
4,-1.94096519598127,-1.7454974832708474
5,-1.4522581457043615,-2.013166366040487
6,-1.234360959509242,-2.607606125936076
7,-3.3197065609784344,-3.547781541552164
8,-3.347740882542783,-2.7498245493803317
9,-2.631360666416864,-4.192234369810778
10,-5.251779403091543,-4.295448281633808
