decile,c_aioe_pct,eloundou_pct
1,-0.5067966629576037,-0.3777675429339283
2,-1.525617011779823,-1.4874926951066276
3,-1.2091460062007509,-1.216285405273121
4,-1.3288230759141098,-1.2546860044808665
5,-1.311740764281476,-1.1272278705549559
6,-2.5386754510137526,-2.5803761966467857
7,-3.2220666699844873,-3.342174007314599
8,-2.2054421592209814,-2.249723365270606
9,-4.8812648895922255,-4.993238552521898
10,-3.8953246742434797,-3.8795051410333596
