decile,c_aioe_pct,eloundou_pct
1,-0.6060889436834137,-0.47452022291512197
2,-1.4782858737338898,-1.4400430353483895
3,-1.1616207031258738,-1.1689071930162682
4,-1.5539662535279968,-1.4124458172013814
5,-1.1872660203822245,-1.0639000362728146
6,-2.1395125483523754,-2.1816844551230776
7,-3.4045178770614273,-3.5453174753667542
8,-2.231476373217003,-2.2747407350597606
9,-4.845721412159738,-4.958596227899269
10,-3.88767730952196,-3.871927130492644
