decile,c_aioe_pct,eloundou_pct
1,-0.38331546492973195,-0.4297321072289833
2,-0.6189834793036004,-0.6864304136049592
3,-1.580778475059017,-1.8574542446488052
4,-1.0738405429396034,-0.6969612534743913
5,-1.4261823561458846,-1.311587453360107
6,-1.546859933255197,-1.6635242932154626
7,-4.502112296741171,-4.43010384636316
8,-4.535659791327901,-4.481798300488267
9,-3.3157628811377906,-3.325061118018145
10,-3.4350718650996046,-3.0750319365472474
