{
  "scenario": "central_youth_tilted",
  "displacement_rate": 0.07,
  "wage_uplift": 0.026,
  "exchequer_cost": 16669458432.0,
  "poverty_rate_change_bhc": 0.021723952063419316,
  "poverty_rate_change_ahc": 0.021992968399683205,
  "gini_baseline": 0.309290676404957,
  "gini_shocked": 0.3222888056529559,
  "displaced_weighted": 1556145.0,
  "decile_income_change": {
    "1": 20.019887924194336,
    "2": -135.15277099609375,
    "3": 79.37430572509766,
    "4": -277.64349365234375,
    "5": -885.7838134765625,
    "6": -567.5964965820312,
    "7": -1569.898681640625,
    "8": -1812.73876953125,
    "9": -3852.12255859375,
    "10": -6449.24853515625
  },
  "age_band_displacement_share": {
    "16-24": 0.04215708002448082,
    "25-34": 0.20581261813640594,
    "35-44": 0.26631590723991394,
    "45-54": 0.27204301953315735,
    "55-64": 0.1752520203590393,
    "65-+": 0.03841935470700264
  },
  "age_band_income_change": {
    "16-24": -2301.546875,
    "25-34": -2017.362060546875,
    "35-44": -2673.579345703125,
    "45-54": -3037.034423828125,
    "55-64": -1013.881591796875,
    "65-+": 229.18862915039062
  }
}