{
  "scenario": "central",
  "displacement_rate": 0.07,
  "wage_uplift": 0.026,
  "exchequer_cost": 18209980416.0,
  "poverty_rate_change_bhc": 0.018069433542672653,
  "poverty_rate_change_ahc": 0.01853093109927076,
  "gini_baseline": 0.30908967456288927,
  "gini_shocked": 0.319473415659592,
  "displaced_weighted": 1557257.125,
  "decile_income_change": {
    "1": -154.82720947265625,
    "2": -226.0494384765625,
    "3": -278.4895324707031,
    "4": -711.0593872070312,
    "5": -627.25732421875,
    "6": -618.7667846679688,
    "7": -1883.6668701171875,
    "8": -2178.728271484375,
    "9": -2018.8096923828125,
    "10": -6255.912109375
  },
  "age_band_displacement_share": {
    "16-24": 0.05325227975845337,
    "25-34": 0.1962127387523651,
    "35-44": 0.270865797996521,
    "45-54": 0.2495202124118805,
    "55-64": 0.18110047280788422,
    "65-+": 0.04904847964644432
  },
  "age_band_income_change": {
    "16-24": -1945.5877685546875,
    "25-34": -2125.3076171875,
    "35-44": -2573.970947265625,
    "45-54": -2521.752685546875,
    "55-64": -1130.542724609375,
    "65-+": 230.12786865234375
  },
  "gross_cut_share_target": null,
  "gross_cut_realised": null
}