{
  "scenario": "central_ripple",
  "displacement_rate": 0.07,
  "wage_uplift": 0.026,
  "exchequer_cost": 28664659968.0,
  "poverty_rate_change_bhc": 0.020556872364237616,
  "poverty_rate_change_ahc": 0.021378239538642013,
  "gini_baseline": 0.3101273036544886,
  "gini_shocked": 0.3200420592640616,
  "displaced_weighted": 1607592.25,
  "decile_income_change": {
    "1": -135.87652587890625,
    "2": -526.6822509765625,
    "3": -615.4037475585938,
    "4": -866.887939453125,
    "5": -895.6930541992188,
    "6": -1568.705322265625,
    "7": -2514.359619140625,
    "8": -2148.345947265625,
    "9": -4547.06298828125,
    "10": -5976.46630859375
  },
  "age_band_displacement_share": {
    "16-24": 0.049195051193237305,
    "25-34": 0.20231525599956512,
    "35-44": 0.28099536895751953,
    "45-54": 0.24449798464775085,
    "55-64": 0.19073960185050964,
    "65-+": 0.032256681472063065
  },
  "age_band_income_change": {
    "16-24": -2458.4638671875,
    "25-34": -2913.5576171875,
    "35-44": -3320.942626953125,
    "45-54": -2900.060302734375,
    "55-64": -1717.8076171875,
    "65-+": 135.4821014404297
  }
}