{
  "scenario": "central_youth_tilted",
  "displacement_rate": 0.07,
  "wage_uplift": 0.026,
  "exchequer_cost": 39441006592.0,
  "poverty_rate_change_bhc": 0.03419664396206046,
  "poverty_rate_change_ahc": 0.037262541327527265,
  "gini_baseline": 0.309290676404957,
  "gini_shocked": 0.3277351569578879,
  "displaced_weighted": 2454783.5,
  "decile_income_change": {
    "1": 2.9287493228912354,
    "2": -203.94656372070312,
    "3": -304.4144592285156,
    "4": -523.5637817382812,
    "5": -1579.14599609375,
    "6": -1111.667236328125,
    "7": -3177.2666015625,
    "8": -3847.6923828125,
    "9": -6693.87841796875,
    "10": -12786.84375
  },
  "age_band_displacement_share": {
    "16-24": 0.04464110732078552,
    "25-34": 0.1874498873949051,
    "35-44": 0.2802761495113373,
    "45-54": 0.2698935568332672,
    "55-64": 0.18096226453781128,
    "65-+": 0.03677704930305481
  },
  "age_band_income_change": {
    "16-24": -4049.710693359375,
    "25-34": -3681.569091796875,
    "35-44": -5083.20947265625,
    "45-54": -5489.873046875,
    "55-64": -2411.59033203125,
    "65-+": 155.90167236328125
  }
}