{
  "scenario": "central_ripple",
  "displacement_rate": 0.07,
  "wage_uplift": 0.026,
  "exchequer_cost": 27964047360.0,
  "poverty_rate_change_bhc": 0.01953969012112755,
  "poverty_rate_change_ahc": 0.02084621438655962,
  "gini_baseline": 0.30908967456288927,
  "gini_shocked": 0.31856435257369864,
  "displaced_weighted": 1557257.125,
  "decile_income_change": {
    "1": -47.472748556900385,
    "2": -120.96554104843645,
    "3": -137.0609784128135,
    "4": -295.01215060540096,
    "5": -311.8067358338246,
    "6": -343.8357705791067,
    "7": -721.8856515319253,
    "8": -928.0698455369769,
    "9": -1027.607038420746,
    "10": -2508.878184147056
  },
  "age_band_displacement_share": {
    "16-24": 0.05325227975845337,
    "25-34": 0.1962127387523651,
    "35-44": 0.270865797996521,
    "45-54": 0.2495202124118805,
    "55-64": 0.18110047280788422,
    "65-+": 0.04904847964644432
  },
  "age_band_income_change": {
    "16-24": -734.8279695671107,
    "25-34": -1178.3874287825363,
    "35-44": -1114.9784080070729,
    "45-54": -1176.0039270610725,
    "55-64": -660.9560604042935,
    "65-+": 124.78796523528143
  },
  "gross_cut_share_target": null,
  "gross_cut_realised": null
}