{
  "scenario": "central_youth_tilted",
  "displacement_rate": 0.07,
  "wage_uplift": 0.026,
  "exchequer_cost": 17484644352.0,
  "poverty_rate_change_bhc": 0.023170838845287922,
  "poverty_rate_change_ahc": 0.026107067865835443,
  "gini_baseline": 0.30872943306558276,
  "gini_shocked": 0.32233240215736036,
  "displaced_weighted": 1598730.5,
  "decile_income_change": {
    "1": 23.392013549804688,
    "2": -296.5162048339844,
    "3": -386.6272277832031,
    "4": -172.03500366210938,
    "5": -940.8519287109375,
    "6": -742.8094482421875,
    "7": -2449.670166015625,
    "8": -2828.33642578125,
    "9": -2800.372802734375,
    "10": -3884.458251953125
  },
  "age_band_displacement_share": {
    "16-24": 0.04813781753182411,
    "25-34": 0.195569708943367,
    "35-44": 0.31467604637145996,
    "45-54": 0.2186318337917328,
    "55-64": 0.18833574652671814,
    "65-+": 0.03464886173605919
  },
  "age_band_income_change": {
    "16-24": -1272.9873046875,
    "25-34": -2117.454345703125,
    "35-44": -2738.841064453125,
    "45-54": -2011.144775390625,
    "55-64": -1518.462158203125,
    "65-+": 313.5513610839844
  }
}