{
  "scenario": "central_youth_tilted",
  "displacement_rate": 0.07,
  "wage_uplift": 0.026,
  "exchequer_cost": 15845507072.0,
  "poverty_rate_change_bhc": 0.01914077988426713,
  "poverty_rate_change_ahc": 0.021514269744050435,
  "gini_baseline": 0.30908967456288927,
  "gini_shocked": 0.32018075725577566,
  "displaced_weighted": 1543098.75,
  "decile_income_change": {
    "1": 4.825376889940868,
    "2": -43.806424411251086,
    "3": -39.98982439308977,
    "4": -217.07495709279385,
    "5": -178.35681381876353,
    "6": -335.4296260184845,
    "7": -436.2962528703212,
    "8": -774.3243778757966,
    "9": -716.5751334525232,
    "10": -1622.650977572346
  },
  "age_band_displacement_share": {
    "16-24": 0.048015814274549484,
    "25-34": 0.19232335686683655,
    "35-44": 0.27905189990997314,
    "45-54": 0.24801869690418243,
    "55-64": 0.18292003870010376,
    "65-+": 0.04967017471790314
  },
  "age_band_income_change": {
    "16-24": -547.1123217687373,
    "25-34": -800.416854705919,
    "35-44": -811.7859148215978,
    "45-54": -869.3588945090981,
    "55-64": -393.75891923189965,
    "65-+": 149.16481389351785
  },
  "gross_cut_share_target": null,
  "gross_cut_realised": null
}