{
  "scenario": "central_ripple_high",
  "displacement_rate": 0.07,
  "wage_uplift": 0.026,
  "exchequer_cost": 35363102720.0,
  "poverty_rate_change_bhc": 0.021983111599765126,
  "poverty_rate_change_ahc": 0.022980064957296903,
  "gini_baseline": 0.3101273036544886,
  "gini_shocked": 0.31943668909094214,
  "displaced_weighted": 1607592.25,
  "decile_income_change": {
    "1": -179.8012237548828,
    "2": -636.1710205078125,
    "3": -770.725341796875,
    "4": -1063.3233642578125,
    "5": -1154.8544921875,
    "6": -1903.42822265625,
    "7": -2905.577880859375,
    "8": -2615.039306640625,
    "9": -5098.78564453125,
    "10": -6874.5283203125
  },
  "age_band_displacement_share": {
    "16-24": 0.049195051193237305,
    "25-34": 0.20231525599956512,
    "35-44": 0.28099536895751953,
    "45-54": 0.24449798464775085,
    "55-64": 0.19073960185050964,
    "65-+": 0.032256681472063065
  },
  "age_band_income_change": {
    "16-24": -2931.993896484375,
    "25-34": -3398.972412109375,
    "35-44": -3823.923828125,
    "45-54": -3395.97509765625,
    "55-64": -2053.10009765625,
    "65-+": 85.88215637207031
  }
}