{
  "scenario": "central_ripple",
  "displacement_rate": 0.07,
  "wage_uplift": 0.026,
  "exchequer_cost": 27964047360.0,
  "poverty_rate_change_bhc": 0.01953969012112755,
  "poverty_rate_change_ahc": 0.02084621438655962,
  "gini_baseline": 0.30908967456288927,
  "gini_shocked": 0.31856435257369864,
  "displaced_weighted": 1557257.125,
  "decile_income_change": {
    "1": -219.37374877929688,
    "2": -381.01416015625,
    "3": -502.9659118652344,
    "4": -985.03564453125,
    "5": -1000.498291015625,
    "6": -1116.990966796875,
    "7": -2451.48681640625,
    "8": -2852.8798828125,
    "9": -2844.701171875,
    "10": -7537.5361328125
  },
  "age_band_displacement_share": {
    "16-24": 0.05325227975845337,
    "25-34": 0.1962127387523651,
    "35-44": 0.270865797996521,
    "45-54": 0.2495202124118805,
    "55-64": 0.18110047280788422,
    "65-+": 0.04904847964644432
  },
  "age_band_income_change": {
    "16-24": -2623.1669921875,
    "25-34": -2831.746826171875,
    "35-44": -3308.5390625,
    "45-54": -3231.718505859375,
    "55-64": -1616.5399169921875,
    "65-+": 159.0074005126953
  },
  "gross_cut_share_target": null,
  "gross_cut_realised": null
}