{
  "scenario": "central",
  "displacement_rate": 0.07,
  "wage_uplift": 0.026,
  "exchequer_cost": 18422136832.0,
  "poverty_rate_change_bhc": 0.018701170103055387,
  "poverty_rate_change_ahc": 0.018826103307211045,
  "gini_baseline": 0.30908967456288927,
  "gini_shocked": 0.32006885434117716,
  "displaced_weighted": 1607592.25,
  "decile_income_change": {
    "1": -59.816219329833984,
    "2": -375.6352844238281,
    "3": -392.8357238769531,
    "4": -486.8052978515625,
    "5": -566.5652465820312,
    "6": -1272.6002197265625,
    "7": -1828.2640380859375,
    "8": -1435.31396484375,
    "9": -3744.961669921875,
    "10": -4640.10498046875
  },
  "age_band_displacement_share": {
    "16-24": 0.049195051193237305,
    "25-34": 0.20231525599956512,
    "35-44": 0.28099536895751953,
    "45-54": 0.24449798464775085,
    "55-64": 0.19073960185050964,
    "65-+": 0.032256681472063065
  },
  "age_band_income_change": {
    "16-24": -1728.10302734375,
    "25-34": -2180.760986328125,
    "35-44": -2620.9921875,
    "45-54": -2146.8564453125,
    "55-64": -1212.880859375,
    "65-+": 208.01869201660156
  }
}