{
  "scenario": "central",
  "displacement_rate": 0.07,
  "wage_uplift": 0.026,
  "exchequer_cost": 18209980416.0,
  "poverty_rate_change_bhc": 0.018069433542672653,
  "poverty_rate_change_ahc": 0.01853093109927076,
  "gini_baseline": 0.30908967456288927,
  "gini_shocked": 0.319473415659592,
  "displaced_weighted": 1557257.125,
  "decile_income_change": {
    "1": -25.87087926323766,
    "2": -72.31373358593385,
    "3": -65.55064182548143,
    "4": -199.85765190942328,
    "5": -186.75901648221813,
    "6": -177.27698604771211,
    "7": -524.9475282545981,
    "8": -686.6783049173696,
    "9": -726.8269321692892,
    "10": -2031.2530833071207
  },
  "age_band_displacement_share": {
    "16-24": 0.05325227975845337,
    "25-34": 0.1962127387523651,
    "35-44": 0.270865797996521,
    "45-54": 0.2495202124118805,
    "55-64": 0.18110047280788422,
    "65-+": 0.04904847964644432
  },
  "age_band_income_change": {
    "16-24": -542.9538409246038,
    "25-34": -886.975644756767,
    "35-44": -858.5570862328128,
    "45-54": -911.2605787362086,
    "55-64": -438.8494574966805,
    "65-+": 158.2682692677519
  },
  "gross_cut_share_target": null,
  "gross_cut_realised": null
}