{
  "scenario": "central",
  "displacement_rate": 0.07,
  "wage_uplift": 0.026,
  "exchequer_cost": 41090768896.0,
  "poverty_rate_change_bhc": 0.032541057087488445,
  "poverty_rate_change_ahc": 0.03671431356920829,
  "gini_baseline": 0.309290676404957,
  "gini_shocked": 0.32839358329623636,
  "displaced_weighted": 2451117.5,
  "decile_income_change": {
    "1": -18.623353958129883,
    "2": -185.8658447265625,
    "3": -455.97625732421875,
    "4": -557.125,
    "5": -985.820556640625,
    "6": -950.3645629882812,
    "7": -3849.486083984375,
    "8": -4363.69384765625,
    "9": -6225.68212890625,
    "10": -12660.0791015625
  },
  "age_band_displacement_share": {
    "16-24": 0.03154204413294792,
    "25-34": 0.19990776479244232,
    "35-44": 0.2949769198894501,
    "45-54": 0.26987817883491516,
    "55-64": 0.16497310996055603,
    "65-+": 0.03872201591730118
  },
  "age_band_income_change": {
    "16-24": -3353.682861328125,
    "25-34": -3711.20654296875,
    "35-44": -5538.93896484375,
    "45-54": -5123.400390625,
    "55-64": -2352.7578125,
    "65-+": 142.58151245117188
  }
}