{
  "scenario": "central_ripple_high",
  "displacement_rate": 0.07,
  "wage_uplift": 0.026,
  "exchequer_cost": 34446868480.0,
  "poverty_rate_change_bhc": 0.02113919630789937,
  "poverty_rate_change_ahc": 0.022525299677279204,
  "gini_baseline": 0.30908967456288927,
  "gini_shocked": 0.317974377621415,
  "displaced_weighted": 1557257.125,
  "decile_income_change": {
    "1": -61.96272296756971,
    "2": -153.47468750670077,
    "3": -184.53846235054783,
    "4": -358.62498034149644,
    "5": -395.32967794117394,
    "6": -455.07018501872864,
    "7": -853.5784369113222,
    "8": -1089.0744198773216,
    "9": -1230.0337015009784,
    "10": -2828.7187314808007
  },
  "age_band_displacement_share": {
    "16-24": 0.05325227975845337,
    "25-34": 0.1962127387523651,
    "35-44": 0.270865797996521,
    "45-54": 0.2495202124118805,
    "55-64": 0.18110047280788422,
    "65-+": 0.04904847964644432
  },
  "age_band_income_change": {
    "16-24": -863.1324547972821,
    "25-34": -1373.5220950870444,
    "35-44": -1286.6044078277546,
    "45-54": -1353.043338374236,
    "55-64": -809.3810793656852,
    "65-+": 102.29900531052658
  },
  "gross_cut_share_target": null,
  "gross_cut_realised": null
}