{
  "scenario": "central",
  "displacement_rate": 0.07,
  "wage_uplift": 0.026,
  "exchequer_cost": 18555912192.0,
  "poverty_rate_change_bhc": 0.02097330561097535,
  "poverty_rate_change_ahc": 0.025226576111870708,
  "gini_baseline": 0.30872943306558276,
  "gini_shocked": 0.3219513243683144,
  "displaced_weighted": 1608170.375,
  "decile_income_change": {
    "1": -45.350074768066406,
    "2": -152.53968811035156,
    "3": -513.8941650390625,
    "4": -394.4305725097656,
    "5": -621.8095703125,
    "6": -777.5122680664062,
    "7": -2564.4443359375,
    "8": -2988.978759765625,
    "9": -2562.843994140625,
    "10": -4099.1298828125
  },
  "age_band_displacement_share": {
    "16-24": 0.029726587235927582,
    "25-34": 0.19425639510154724,
    "35-44": 0.297445684671402,
    "45-54": 0.22946694493293762,
    "55-64": 0.2036966234445572,
    "65-+": 0.045407798141241074
  },
  "age_band_income_change": {
    "16-24": -1265.5050048828125,
    "25-34": -1903.690673828125,
    "35-44": -2652.65966796875,
    "45-54": -2531.214111328125,
    "55-64": -1475.4656982421875,
    "65-+": 280.6638488769531
  }
}