{
  "scenario": "central_youth_tilted",
  "displacement_rate": 0.07,
  "wage_uplift": 0.026,
  "exchequer_cost": 15845507072.0,
  "poverty_rate_change_bhc": 0.01914077988426713,
  "poverty_rate_change_ahc": 0.021514269744050435,
  "gini_baseline": 0.30908967456288927,
  "gini_shocked": 0.32018075725577566,
  "displaced_weighted": 1543098.75,
  "decile_income_change": {
    "1": 3.104127883911133,
    "2": -272.51812744140625,
    "3": -156.22198486328125,
    "4": -700.167724609375,
    "5": -664.2723388671875,
    "6": -1390.703125,
    "7": -1469.9908447265625,
    "8": -2156.9765625,
    "9": -2166.28857421875,
    "10": -4486.0791015625
  },
  "age_band_displacement_share": {
    "16-24": 0.048015814274549484,
    "25-34": 0.19232335686683655,
    "35-44": 0.27905189990997314,
    "45-54": 0.24801869690418243,
    "55-64": 0.18292003870010376,
    "65-+": 0.04967017471790314
  },
  "age_band_income_change": {
    "16-24": -1930.378173828125,
    "25-34": -1953.08740234375,
    "35-44": -2254.5478515625,
    "45-54": -2480.8349609375,
    "55-64": -864.8673706054688,
    "65-+": 207.8751678466797
  },
  "gross_cut_share_target": null,
  "gross_cut_realised": null
}