{
  "scenario": "central",
  "displacement_rate": 0.07,
  "wage_uplift": 0.026,
  "exchequer_cost": 17851957248.0,
  "poverty_rate_change_bhc": 0.018429560841998982,
  "poverty_rate_change_ahc": 0.021873205274854174,
  "gini_baseline": 0.309290676404957,
  "gini_shocked": 0.3228307222670971,
  "displaced_weighted": 1596393.0,
  "decile_income_change": {
    "1": 14.761359214782715,
    "2": -112.98051452636719,
    "3": -195.91050720214844,
    "4": -452.43182373046875,
    "5": -520.7627563476562,
    "6": -536.9727783203125,
    "7": -1567.6434326171875,
    "8": -2156.524169921875,
    "9": -3080.28515625,
    "10": -7079.7060546875
  },
  "age_band_displacement_share": {
    "16-24": 0.03619169443845749,
    "25-34": 0.21562132239341736,
    "35-44": 0.2772623598575592,
    "45-54": 0.2563723027706146,
    "55-64": 0.1725258082151413,
    "65-+": 0.042026471346616745
  },
  "age_band_income_change": {
    "16-24": -1931.6427001953125,
    "25-34": -2110.895751953125,
    "35-44": -3193.4873046875,
    "45-54": -2791.458740234375,
    "55-64": -855.6397705078125,
    "65-+": 293.0816345214844
  }
}