{
  "scenario": "central_youth_tilted",
  "displacement_rate": 0.07,
  "wage_uplift": 0.026,
  "exchequer_cost": 19363741696.0,
  "poverty_rate_change_bhc": 0.018596208143794618,
  "poverty_rate_change_ahc": 0.01828446289456659,
  "gini_baseline": 0.30908967456288927,
  "gini_shocked": 0.31829270467234594,
  "displaced_weighted": 1611680.75,
  "decile_income_change": {
    "1": -61.59752655029297,
    "2": -110.96887969970703,
    "3": -466.1575622558594,
    "4": -395.65118408203125,
    "5": -746.0165405273438,
    "6": -1111.1854248046875,
    "7": -1591.2467041015625,
    "8": -1662.102783203125,
    "9": -3412.806884765625,
    "10": -6149.16552734375
  },
  "age_band_displacement_share": {
    "16-24": 0.06209953874349594,
    "25-34": 0.20254412293434143,
    "35-44": 0.2856373190879822,
    "45-54": 0.2517492473125458,
    "55-64": 0.16187357902526855,
    "65-+": 0.03609618917107582
  },
  "age_band_income_change": {
    "16-24": -2563.92431640625,
    "25-34": -2466.57275390625,
    "35-44": -2618.424560546875,
    "45-54": -2742.87060546875,
    "55-64": -1161.804443359375,
    "65-+": 257.04150390625
  }
}