{
  "scenario": "central_ripple_high",
  "displacement_rate": 0.07,
  "wage_uplift": 0.026,
  "exchequer_cost": 34446868480.0,
  "poverty_rate_change_bhc": 0.02113919630789937,
  "poverty_rate_change_ahc": 0.022525299677279204,
  "gini_baseline": 0.30908967456288927,
  "gini_shocked": 0.317974377621415,
  "displaced_weighted": 1557257.125,
  "decile_income_change": {
    "1": -262.6352233886719,
    "2": -484.6553649902344,
    "3": -651.5985107421875,
    "4": -1168.0184326171875,
    "5": -1249.542724609375,
    "6": -1450.3836669921875,
    "7": -2831.461181640625,
    "8": -3302.271728515625,
    "9": -3401.243408203125,
    "10": -8394.4736328125
  },
  "age_band_displacement_share": {
    "16-24": 0.05325227975845337,
    "25-34": 0.1962127387523651,
    "35-44": 0.270865797996521,
    "45-54": 0.2495202124118805,
    "55-64": 0.18110047280788422,
    "65-+": 0.04904847964644432
  },
  "age_band_income_change": {
    "16-24": -3076.45947265625,
    "25-34": -3304.34228515625,
    "35-44": -3799.93212890625,
    "45-54": -3706.626953125,
    "55-64": -1941.5908203125,
    "65-+": 111.28955078125
  },
  "gross_cut_share_target": null,
  "gross_cut_realised": null
}