{
  "scenario": "central_ripple_low",
  "displacement_rate": 0.07,
  "wage_uplift": 0.026,
  "exchequer_cost": 23093116928.0,
  "poverty_rate_change_bhc": 0.0190023982924499,
  "poverty_rate_change_ahc": 0.019877075857115067,
  "gini_baseline": 0.30908967456288927,
  "gini_shocked": 0.31901389085521303,
  "displaced_weighted": 1557257.125,
  "decile_income_change": {
    "1": -187.068603515625,
    "2": -303.5366516113281,
    "3": -390.3961486816406,
    "4": -848.0733032226562,
    "5": -812.349609375,
    "6": -867.7706298828125,
    "7": -2167.07080078125,
    "8": -2515.39697265625,
    "9": -2430.770263671875,
    "10": -6896.025390625
  },
  "age_band_displacement_share": {
    "16-24": 0.05325227975845337,
    "25-34": 0.1962127387523651,
    "35-44": 0.270865797996521,
    "45-54": 0.2495202124118805,
    "55-64": 0.18110047280788422,
    "65-+": 0.04904847964644432
  },
  "age_band_income_change": {
    "16-24": -2283.480224609375,
    "25-34": -2478.078369140625,
    "35-44": -2940.703369140625,
    "45-54": -2875.9404296875,
    "55-64": -1373.397705078125,
    "65-+": 194.60690307617188
  },
  "gross_cut_share_target": null,
  "gross_cut_realised": null
}