{
  "scenario": "central_ripple_low",
  "displacement_rate": 0.07,
  "wage_uplift": 0.026,
  "exchequer_cost": 23616126976.0,
  "poverty_rate_change_bhc": 0.019921721265081654,
  "poverty_rate_change_ahc": 0.020361363210542105,
  "gini_baseline": 0.3101273036544886,
  "gini_shocked": 0.32050626498361934,
  "displaced_weighted": 1607592.25,
  "decile_income_change": {
    "1": -103.01483917236328,
    "2": -444.6631774902344,
    "3": -499.1550598144531,
    "4": -719.4246215820312,
    "5": -703.0448608398438,
    "6": -1318.077392578125,
    "7": -2221.77587890625,
    "8": -1798.2166748046875,
    "9": -4135.2705078125,
    "10": -5304.30224609375
  },
  "age_band_displacement_share": {
    "16-24": 0.049195051193237305,
    "25-34": 0.20231525599956512,
    "35-44": 0.28099536895751953,
    "45-54": 0.24449798464775085,
    "55-64": 0.19073960185050964,
    "65-+": 0.032256681472063065
  },
  "age_band_income_change": {
    "16-24": -2104.27099609375,
    "25-34": -2551.48046875,
    "35-44": -2943.838623046875,
    "45-54": -2529.156005859375,
    "55-64": -1466.996826171875,
    "65-+": 172.55165100097656
  }
}