{
  "scenario": "high",
  "displacement_rate": 0.13,
  "wage_uplift": 0.026,
  "exchequer_cost": 46696284160.0,
  "poverty_rate_change_bhc": 0.03799167008280105,
  "poverty_rate_change_ahc": 0.041990049002656765,
  "gini_baseline": 0.30908967456288927,
  "gini_shocked": 0.3273546211925149,
  "displaced_weighted": 2998810.5,
  "decile_income_change": {
    "1": -160.58612060546875,
    "2": -672.4837646484375,
    "3": -840.9712524414062,
    "4": -1556.3052978515625,
    "5": -1686.240478515625,
    "6": -3179.901123046875,
    "7": -4131.0048828125,
    "8": -3720.836181640625,
    "9": -8113.267578125,
    "10": -10982.0947265625
  },
  "age_band_displacement_share": {
    "16-24": 0.0501941554248333,
    "25-34": 0.20597906410694122,
    "35-44": 0.25649315118789673,
    "45-54": 0.25281867384910583,
    "55-64": 0.19558429718017578,
    "65-+": 0.03893055394291878
  },
  "age_band_income_change": {
    "16-24": -4095.802978515625,
    "25-34": -5055.59375,
    "35-44": -5540.9521484375,
    "45-54": -5347.068359375,
    "55-64": -3136.23095703125,
    "65-+": -27.840991973876953
  }
}