{
  "scenario": "high",
  "displacement_rate": 0.13,
  "wage_uplift": 0.026,
  "exchequer_cost": 93923975168.0,
  "poverty_rate_change_bhc": 0.07016114876739452,
  "poverty_rate_change_ahc": 0.07630951644044104,
  "gini_baseline": 0.309290676404957,
  "gini_shocked": 0.34348552089503515,
  "displaced_weighted": 4573990.0,
  "decile_income_change": {
    "1": -68.81733703613281,
    "2": -699.8973999023438,
    "3": -1182.185546875,
    "4": -1998.1185302734375,
    "5": -2958.559814453125,
    "6": -3020.725830078125,
    "7": -7110.16015625,
    "8": -8734.38671875,
    "9": -13177.3994140625,
    "10": -26707.318359375
  },
  "age_band_displacement_share": {
    "16-24": 0.033897120505571365,
    "25-34": 0.20483891665935516,
    "35-44": 0.29363688826560974,
    "45-54": 0.25343620777130127,
    "55-64": 0.1735343635082245,
    "65-+": 0.040656473487615585
  },
  "age_band_income_change": {
    "16-24": -6767.0849609375,
    "25-34": -9036.5263671875,
    "35-44": -11403.4501953125,
    "45-54": -10427.3046875,
    "55-64": -5464.1142578125,
    "65-+": -267.3083801269531
  }
}