{
  "scenario": "high",
  "displacement_rate": 0.13,
  "wage_uplift": 0.026,
  "exchequer_cost": 48530178048.0,
  "poverty_rate_change_bhc": 0.04122534223967608,
  "poverty_rate_change_ahc": 0.04793731876830615,
  "gini_baseline": 0.30872943306558276,
  "gini_shocked": 0.3315948105917169,
  "displaced_weighted": 2982082.75,
  "decile_income_change": {
    "1": -184.22328186035156,
    "2": -565.7006225585938,
    "3": -1327.5821533203125,
    "4": -979.3834838867188,
    "5": -2141.06591796875,
    "6": -2015.925048828125,
    "7": -4722.16748046875,
    "8": -5859.51171875,
    "9": -6435.3564453125,
    "10": -10649.8525390625
  },
  "age_band_displacement_share": {
    "16-24": 0.035560596734285355,
    "25-34": 0.18967561423778534,
    "35-44": 0.2860538065433502,
    "45-54": 0.24363623559474945,
    "55-64": 0.19230276346206665,
    "65-+": 0.05277097597718239
  },
  "age_band_income_change": {
    "16-24": -2923.75146484375,
    "25-34": -4750.87353515625,
    "35-44": -5913.33935546875,
    "45-54": -5799.705078125,
    "55-64": -3297.8046875,
    "65-+": -40.06907653808594
  }
}