{
  "scenario": "high",
  "displacement_rate": 0.13,
  "wage_uplift": 0.026,
  "exchequer_cost": 48511778816.0,
  "poverty_rate_change_bhc": 0.04169015766096687,
  "poverty_rate_change_ahc": 0.0474158751222033,
  "gini_baseline": 0.309290676404957,
  "gini_shocked": 0.33242782661092896,
  "displaced_weighted": 2979890.0,
  "decile_income_change": {
    "1": -97.27852630615234,
    "2": -311.4053649902344,
    "3": -637.7633666992188,
    "4": -1034.9051513671875,
    "5": -1519.340087890625,
    "6": -1390.340576171875,
    "7": -4587.5107421875,
    "8": -5275.416015625,
    "9": -7359.16015625,
    "10": -14246.814453125
  },
  "age_band_displacement_share": {
    "16-24": 0.03720344975590706,
    "25-34": 0.2008405327796936,
    "35-44": 0.288750559091568,
    "45-54": 0.2581750154495239,
    "55-64": 0.17058560252189636,
    "65-+": 0.044444773346185684
  },
  "age_band_income_change": {
    "16-24": -4263.73095703125,
    "25-34": -4577.12353515625,
    "35-44": -6448.5302734375,
    "45-54": -5977.19970703125,
    "55-64": -2906.32666015625,
    "65-+": 24.901819229125977
  }
}