{
  "scenario": "high",
  "displacement_rate": 0.13,
  "wage_uplift": 0.026,
  "exchequer_cost": 46914715648.0,
  "poverty_rate_change_bhc": 0.0404504727885055,
  "poverty_rate_change_ahc": 0.046762798162043845,
  "gini_baseline": 0.30908967456288927,
  "gini_shocked": 0.3298027257468614,
  "displaced_weighted": 3041943.75,
  "decile_income_change": {
    "1": -62.78437991787015,
    "2": -147.95693086173284,
    "3": -283.97882791925315,
    "4": -404.8485928817846,
    "5": -632.1288918359653,
    "6": -1058.19383145779,
    "7": -1188.8461218763061,
    "8": -1743.6363530500173,
    "9": -2449.918382319702,
    "10": -4086.662854274003
  },
  "age_band_displacement_share": {
    "16-24": 0.04153265431523323,
    "25-34": 0.20709694921970367,
    "35-44": 0.2885017693042755,
    "45-54": 0.23829180002212524,
    "55-64": 0.18193811178207397,
    "65-+": 0.04263875633478165
  },
  "age_band_income_change": {
    "16-24": -1049.3375656068483,
    "25-34": -2128.228627613085,
    "35-44": -2083.5092133712074,
    "45-54": -2197.877988451909,
    "55-64": -1321.5673802859317,
    "65-+": 77.90922087832044
  },
  "gross_cut_share_target": null,
  "gross_cut_realised": null
}