{
  "scenario": "high",
  "displacement_rate": 0.13,
  "wage_uplift": 0.026,
  "exchequer_cost": 46914715648.0,
  "poverty_rate_change_bhc": 0.0404504727885055,
  "poverty_rate_change_ahc": 0.046762798162043845,
  "gini_baseline": 0.30908967456288927,
  "gini_shocked": 0.3298027257468614,
  "displaced_weighted": 3041943.75,
  "decile_income_change": {
    "1": -232.5044403076172,
    "2": -580.6962280273438,
    "3": -968.676025390625,
    "4": -1386.656982421875,
    "5": -2148.01806640625,
    "6": -3435.404052734375,
    "7": -3546.2392578125,
    "8": -4976.58642578125,
    "9": -6721.4228515625,
    "10": -10563.26953125
  },
  "age_band_displacement_share": {
    "16-24": 0.04153265431523323,
    "25-34": 0.20709694921970367,
    "35-44": 0.2885017693042755,
    "45-54": 0.23829180002212524,
    "55-64": 0.18193811178207397,
    "65-+": 0.04263875633478165
  },
  "age_band_income_change": {
    "16-24": -3853.987548828125,
    "25-34": -5147.1708984375,
    "35-44": -5855.7734375,
    "45-54": -5423.087890625,
    "55-64": -3012.689697265625,
    "65-+": 66.78137969970703
  },
  "gross_cut_share_target": null,
  "gross_cut_realised": null
}