{
  "scenario": "low",
  "displacement_rate": 0.01,
  "wage_uplift": 0.0,
  "exchequer_cost": 2491023360.0,
  "poverty_rate_change_bhc": 0.0013668085562195953,
  "poverty_rate_change_ahc": 0.0016409465671947954,
  "gini_baseline": 0.30908967456288927,
  "gini_shocked": 0.31096184504296476,
  "displaced_weighted": 230824.625,
  "decile_income_change": {
    "1": 31.772008895874023,
    "2": -63.35742950439453,
    "3": 43.27348709106445,
    "4": 81.88488006591797,
    "5": -20.86902618408203,
    "6": -72.97228240966797,
    "7": -104.20588684082031,
    "8": -11.896842956542969,
    "9": -953.0011596679688,
    "10": 45.72245407104492
  },
  "age_band_displacement_share": {
    "16-24": 0.040388595312833786,
    "25-34": 0.1883297562599182,
    "35-44": 0.23805227875709534,
    "45-54": 0.29387617111206055,
    "55-64": 0.23077259957790375,
    "65-+": 0.008580551482737064
  },
  "age_band_income_change": {
    "16-24": -199.718994140625,
    "25-34": -321.02325439453125,
    "35-44": -307.9402770996094,
    "45-54": -291.227783203125,
    "55-64": -4.37282657623291,
    "65-+": 326.8216552734375
  }
}