{
  "scenario": "low",
  "displacement_rate": 0.01,
  "wage_uplift": 0.0,
  "exchequer_cost": 4262821888.0,
  "poverty_rate_change_bhc": 0.0032735019971701362,
  "poverty_rate_change_ahc": 0.002605961988134897,
  "gini_baseline": 0.30908967456288927,
  "gini_shocked": 0.3111816821859683,
  "displaced_weighted": 243805.1875,
  "decile_income_change": {
    "1": 20.640109072524805,
    "2": 21.448952190709203,
    "3": 14.853021657125224,
    "4": 5.646400047153937,
    "5": 11.31043565005146,
    "6": 28.464035400770264,
    "7": -26.062403878876182,
    "8": -71.57831312073601,
    "9": -7.535788382942535,
    "10": -177.58130956697008
  },
  "age_band_displacement_share": {
    "16-24": 0.020597482100129128,
    "25-34": 0.15373259782791138,
    "35-44": 0.28408926725387573,
    "45-54": 0.24715736508369446,
    "55-64": 0.22774171829223633,
    "65-+": 0.06668159365653992
  },
  "age_band_income_change": {
    "16-24": -31.021744907243058,
    "25-34": -91.20159861260218,
    "35-44": -160.18796489340184,
    "45-54": -146.88005199115827,
    "55-64": -42.01882699425601,
    "65-+": 212.69774676980856
  },
  "gross_cut_share_target": null,
  "gross_cut_realised": null
}