{
  "scenario": "low",
  "displacement_rate": 0.01,
  "wage_uplift": 0.0,
  "exchequer_cost": 4262821888.0,
  "poverty_rate_change_bhc": 0.0032735019971701362,
  "poverty_rate_change_ahc": 0.002605961988134897,
  "gini_baseline": 0.30908967456288927,
  "gini_shocked": 0.3111816821859683,
  "displaced_weighted": 243805.1875,
  "decile_income_change": {
    "1": 5.197319030761719,
    "2": 3.034510374069214,
    "3": -62.37029266357422,
    "4": 16.279403686523438,
    "5": -56.147239685058594,
    "6": -56.42561721801758,
    "7": -162.9237518310547,
    "8": -273.96728515625,
    "9": -236.87892150878906,
    "10": -655.08154296875
  },
  "age_band_displacement_share": {
    "16-24": 0.020597482100129128,
    "25-34": 0.15373259782791138,
    "35-44": 0.28408926725387573,
    "45-54": 0.24715736508369446,
    "55-64": 0.22774171829223633,
    "65-+": 0.06668159365653992
  },
  "age_band_income_change": {
    "16-24": -104.20669555664062,
    "25-34": -197.0089569091797,
    "35-44": -525.4093017578125,
    "45-54": -394.1123352050781,
    "55-64": -95.96479797363281,
    "65-+": 356.2381286621094
  },
  "gross_cut_share_target": null,
  "gross_cut_realised": null
}