{
  "scenario": "low",
  "displacement_rate": 0.01,
  "wage_uplift": 0.0,
  "exchequer_cost": 2609905664.0,
  "poverty_rate_change_bhc": 0.001622537589559464,
  "poverty_rate_change_ahc": 0.0014178963920808973,
  "gini_baseline": 0.30872943306558276,
  "gini_shocked": 0.3105844579887954,
  "displaced_weighted": 224541.09375,
  "decile_income_change": {
    "1": -55.91279983520508,
    "2": 75.45954895019531,
    "3": 56.37230682373047,
    "4": 50.579471588134766,
    "5": 59.96717834472656,
    "6": 1.8620553016662598,
    "7": -116.76605224609375,
    "8": -987.8623657226562,
    "9": -190.1304168701172,
    "10": 126.90827941894531
  },
  "age_band_displacement_share": {
    "16-24": 0.01931181736290455,
    "25-34": 0.22359202802181244,
    "35-44": 0.2347090244293213,
    "45-54": 0.31500908732414246,
    "55-64": 0.1929425746202469,
    "65-+": 0.01443545799702406
  },
  "age_band_income_change": {
    "16-24": -206.57394409179688,
    "25-34": -283.6548767089844,
    "35-44": -418.2702941894531,
    "45-54": -176.87252807617188,
    "55-64": -62.058441162109375,
    "65-+": 389.9087219238281
  }
}