{
  "scenario": "low",
  "displacement_rate": 0.01,
  "wage_uplift": 0.0,
  "exchequer_cost": 1846853632.0,
  "poverty_rate_change_bhc": 9.661912505098957e-05,
  "poverty_rate_change_ahc": 0.0018991397725605097,
  "gini_baseline": 0.309290676404957,
  "gini_shocked": 0.31124706210328945,
  "displaced_weighted": 210993.3125,
  "decile_income_change": {
    "1": 63.59816360473633,
    "2": 115.09313201904297,
    "3": 88.57911682128906,
    "4": 61.757789611816406,
    "5": 192.19883728027344,
    "6": 187.35057067871094,
    "7": -611.9342651367188,
    "8": -16.82158660888672,
    "9": -256.15264892578125,
    "10": -936.16015625
  },
  "age_band_displacement_share": {
    "16-24": 0.013014394789934158,
    "25-34": 0.18141570687294006,
    "35-44": 0.3215935528278351,
    "45-54": 0.33565735816955566,
    "55-64": 0.09707608073949814,
    "65-+": 0.05124298483133316
  },
  "age_band_income_change": {
    "16-24": -313.1654052734375,
    "25-34": -217.34642028808594,
    "35-44": -439.4908447265625,
    "45-54": -320.40093994140625,
    "55-64": 93.41072845458984,
    "65-+": 382.3328552246094
  }
}