{
  "scenario": "low",
  "displacement_rate": 0.01,
  "wage_uplift": 0.0,
  "exchequer_cost": 6500057088.0,
  "poverty_rate_change_bhc": 0.003214586809246245,
  "poverty_rate_change_ahc": 0.0048678543556772425,
  "gini_baseline": 0.309290676404957,
  "gini_shocked": 0.3123510626532493,
  "displaced_weighted": 343003.1875,
  "decile_income_change": {
    "1": 67.77806091308594,
    "2": 114.12020111083984,
    "3": 82.56937408447266,
    "4": -8.610624313354492,
    "5": 159.37977600097656,
    "6": 20.51136589050293,
    "7": -773.6400146484375,
    "8": -418.27642822265625,
    "9": -604.3618774414062,
    "10": -2827.6708984375
  },
  "age_band_displacement_share": {
    "16-24": 0.0473586767911911,
    "25-34": 0.15513376891613007,
    "35-44": 0.3712351620197296,
    "45-54": 0.244032621383667,
    "55-64": 0.13699735701084137,
    "65-+": 0.0452423170208931
  },
  "age_band_income_change": {
    "16-24": -720.6754150390625,
    "25-34": -420.4631652832031,
    "35-44": -1121.1236572265625,
    "45-54": -582.0859985351562,
    "55-64": -89.48677825927734,
    "65-+": 369.67218017578125
  }
}