{
  "scenario": "wage_margin_central",
  "displacement_rate": 0.0,
  "wage_uplift": 0.026,
  "exchequer_cost": 22399713280.0,
  "poverty_rate_change_bhc": 0.0005960138244950064,
  "poverty_rate_change_ahc": 0.0015516234178323263,
  "gini_baseline": 0.30908967456288927,
  "gini_shocked": 0.3053665588393544,
  "displaced_weighted": 0.0,
  "decile_income_change": {
    "1": -15.467002868652344,
    "2": -77.14778900146484,
    "3": -179.87710571289062,
    "4": -295.5108337402344,
    "5": -572.8809814453125,
    "6": -780.1605834960938,
    "7": -1031.690673828125,
    "8": -1420.150146484375,
    "9": -1815.2537841796875,
    "10": -3035.91552734375
  },
  "age_band_displacement_share": {
    "16-24": 0.0,
    "25-34": 0.0,
    "35-44": 0.0,
    "45-54": 0.0,
    "55-64": 0.0,
    "65-+": 0.0
  },
  "age_band_income_change": {
    "16-24": -1164.3692626953125,
    "25-34": -1485.9591064453125,
    "35-44": -1736.9656982421875,
    "45-54": -1500.6287841796875,
    "55-64": -709.1287841796875,
    "65-+": 258.695068359375
  }
}