{
  "scenario": "wage_margin_central",
  "displacement_rate": 0.0,
  "wage_uplift": 0.026,
  "exchequer_cost": 22360227840.0,
  "poverty_rate_change_bhc": 0.00033343982084022006,
  "poverty_rate_change_ahc": 0.0017122150561166283,
  "gini_baseline": 0.3101273036544886,
  "gini_shocked": 0.3064474190999398,
  "displaced_weighted": 0.0,
  "decile_income_change": {
    "1": -18.579435348510742,
    "2": -67.06006622314453,
    "3": -202.95806884765625,
    "4": -298.4000244140625,
    "5": -573.8956909179688,
    "6": -763.6318969726562,
    "7": -1042.203857421875,
    "8": -1405.166259765625,
    "9": -1816.3231201171875,
    "10": -3035.190185546875
  },
  "age_band_displacement_share": {
    "16-24": 0.0,
    "25-34": 0.0,
    "35-44": 0.0,
    "45-54": 0.0,
    "55-64": 0.0,
    "65-+": 0.0
  },
  "age_band_income_change": {
    "16-24": -1165.178466796875,
    "25-34": -1487.731201171875,
    "35-44": -1736.976318359375,
    "45-54": -1498.875,
    "55-64": -709.80224609375,
    "65-+": 258.9154357910156
  }
}