{
  "scenario": "wage_margin_pss",
  "displacement_rate": 0.0,
  "wage_uplift": 0.026,
  "exchequer_cost": 26422181888.0,
  "poverty_rate_change_bhc": 0.0016791174943465437,
  "poverty_rate_change_ahc": 0.003480623512241654,
  "gini_baseline": 0.30908967456288927,
  "gini_shocked": 0.3055574459624557,
  "displaced_weighted": 0.0,
  "decile_income_change": {
    "1": -65.1576156616211,
    "2": -204.50233459472656,
    "3": -347.06951904296875,
    "4": -480.1930236816406,
    "5": -782.901123046875,
    "6": -1055.5634765625,
    "7": -1346.275634765625,
    "8": -1677.4256591796875,
    "9": -2082.65283203125,
    "10": -3483.481201171875
  },
  "age_band_displacement_share": {
    "16-24": 0.0,
    "25-34": 0.0,
    "35-44": 0.0,
    "45-54": 0.0,
    "55-64": 0.0,
    "65-+": 0.0
  },
  "age_band_income_change": {
    "16-24": -1538.5616455078125,
    "25-34": -1819.3367919921875,
    "35-44": -2047.01171875,
    "45-54": -1807.9656982421875,
    "55-64": -947.763916015625,
    "65-+": 218.9142303466797
  },
  "gross_cut_share_target": 0.07773605792581169,
  "gross_cut_realised": 78027635693.1155
}