{
  "scenario": "wage_margin_pss",
  "displacement_rate": 0.0,
  "wage_uplift": 0.026,
  "exchequer_cost": 22163652608.0,
  "poverty_rate_change_bhc": 0.0007069349477148434,
  "poverty_rate_change_ahc": 0.002484378795905351,
  "gini_baseline": 0.3101273036544886,
  "gini_shocked": 0.3072101525778729,
  "displaced_weighted": 0.0,
  "decile_income_change": {
    "1": -43.7254753112793,
    "2": -155.1088409423828,
    "3": -293.2745666503906,
    "4": -392.7718505859375,
    "5": -632.6592407226562,
    "6": -849.0245361328125,
    "7": -1110.3955078125,
    "8": -1361.2509765625,
    "9": -1704.962890625,
    "10": -2849.79541015625
  },
  "age_band_displacement_share": {
    "16-24": 0.0,
    "25-34": 0.0,
    "35-44": 0.0,
    "45-54": 0.0,
    "55-64": 0.0,
    "65-+": 0.0
  },
  "age_band_income_change": {
    "16-24": -1268.6492919921875,
    "25-34": -1517.4869384765625,
    "35-44": -1718.084228515625,
    "45-54": -1494.076171875,
    "55-64": -752.9668579101562,
    "65-+": 247.57705688476562
  }
}