{
  "scenario": "wage_margin_central",
  "displacement_rate": 0.0,
  "wage_uplift": 0.026,
  "exchequer_cost": 26611761152.0,
  "poverty_rate_change_bhc": 0.0010391829504449723,
  "poverty_rate_change_ahc": 0.0026522019797750873,
  "gini_baseline": 0.30908967456288927,
  "gini_shocked": 0.3047231362816838,
  "displaced_weighted": 0.0,
  "decile_income_change": {
    "1": 5.911031022481802,
    "2": -20.421623982532157,
    "3": -54.2875662587874,
    "4": -108.11210134914033,
    "5": -194.96576558894247,
    "6": -281.68221829067267,
    "7": -400.61998420602987,
    "8": -579.7339763222924,
    "9": -750.2465967612223,
    "10": -1323.5165911214854
  },
  "age_band_displacement_share": {
    "16-24": 0.0,
    "25-34": 0.0,
    "35-44": 0.0,
    "45-54": 0.0,
    "55-64": 0.0,
    "65-+": 0.0
  },
  "age_band_income_change": {
    "16-24": -406.6859369253962,
    "25-34": -784.6010336464468,
    "35-44": -726.009785108211,
    "45-54": -663.487491613653,
    "55-64": -395.0192991156701,
    "65-+": 156.76441804117277
  },
  "gross_cut_share_target": 0.07773605792581169,
  "gross_cut_realised": 78027635693.11551
}