{
  "scenario": "wage_margin_central",
  "displacement_rate": 0.0,
  "wage_uplift": 0.026,
  "exchequer_cost": 26611761152.0,
  "poverty_rate_change_bhc": 0.0010391829504449723,
  "poverty_rate_change_ahc": 0.0026522019797750873,
  "gini_baseline": 0.30908967456288927,
  "gini_shocked": 0.3047231362816838,
  "displaced_weighted": 0.0,
  "decile_income_change": {
    "1": -32.32880401611328,
    "2": -115.96466064453125,
    "3": -243.88827514648438,
    "4": -385.1514892578125,
    "5": -708.4769287109375,
    "6": -967.4508666992188,
    "7": -1262.4951171875,
    "8": -1727.666259765625,
    "9": -2206.372802734375,
    "10": -3684.509033203125
  },
  "age_band_displacement_share": {
    "16-24": 0.0,
    "25-34": 0.0,
    "35-44": 0.0,
    "45-54": 0.0,
    "55-64": 0.0,
    "65-+": 0.0
  },
  "age_band_income_change": {
    "16-24": -1424.017578125,
    "25-34": -1783.389404296875,
    "35-44": -2068.954833984375,
    "45-54": -1814.2828369140625,
    "55-64": -899.9966430664062,
    "65-+": 232.04029846191406
  },
  "gross_cut_share_target": 0.07773605792581169,
  "gross_cut_realised": 78027635693.11551
}