{
  "scenario": "wage_margin_pss",
  "displacement_rate": 0.0,
  "wage_uplift": 0.026,
  "exchequer_cost": 26422181888.0,
  "poverty_rate_change_bhc": 0.0016791174943465437,
  "poverty_rate_change_ahc": 0.003480623512241654,
  "gini_baseline": 0.30908967456288927,
  "gini_shocked": 0.3055574459624557,
  "displaced_weighted": 0.0,
  "decile_income_change": {
    "1": -5.40068696015829,
    "2": -44.81637715021266,
    "3": -82.19716155704572,
    "4": -138.2070854140576,
    "5": -224.6424717083717,
    "6": -310.9504600726016,
    "7": -425.901476396105,
    "8": -561.9816585211269,
    "9": -705.8250034634681,
    "10": -1236.4473261255275
  },
  "age_band_displacement_share": {
    "16-24": 0.0,
    "25-34": 0.0,
    "35-44": 0.0,
    "45-54": 0.0,
    "55-64": 0.0,
    "65-+": 0.0
  },
  "age_band_income_change": {
    "16-24": -434.25535014956614,
    "25-34": -776.9786346232476,
    "35-44": -712.5814190174939,
    "45-54": -657.2878960271048,
    "55-64": -413.21310434507086,
    "65-+": 150.5421178122914
  },
  "gross_cut_share_target": 0.07773605792581169,
  "gross_cut_realised": 78027635693.1155
}