{
  "scenario": "wage_margin_pss",
  "displacement_rate": 0.0,
  "wage_uplift": 0.026,
  "exchequer_cost": 22240985088.0,
  "poverty_rate_change_bhc": 0.0009482814047849786,
  "poverty_rate_change_ahc": 0.0027355176388335345,
  "gini_baseline": 0.30908967456288927,
  "gini_shocked": 0.3061277396440161,
  "displaced_weighted": 0.0,
  "decile_income_change": {
    "1": -45.065738677978516,
    "2": -156.76109313964844,
    "3": -274.98779296875,
    "4": -380.50372314453125,
    "5": -638.34765625,
    "6": -859.4071044921875,
    "7": -1107.712646484375,
    "8": -1375.5052490234375,
    "9": -1697.4888916015625,
    "10": -2854.88525390625
  },
  "age_band_displacement_share": {
    "16-24": 0.0,
    "25-34": 0.0,
    "35-44": 0.0,
    "45-54": 0.0,
    "55-64": 0.0,
    "65-+": 0.0
  },
  "age_band_income_change": {
    "16-24": -1267.3323974609375,
    "25-34": -1516.875244140625,
    "35-44": -1716.3934326171875,
    "45-54": -1495.3272705078125,
    "55-64": -752.2426147460938,
    "65-+": 246.84933471679688
  }
}