{
  "scenario": "brynjolfsson_canaries_2025",
  "displaced_weighted_total": 15825.611328125,
  "share_of_employed_displaced": 0.0006872456870041788,
  "exchequer_cost_bn": 0.122863616,
  "poverty_change_bhc_pp": 0.02373038940944594,
  "gini_change_pp": 0.009135005415827901,
  "age_bands": {
    "16-24": {
      "displaced_weighted": 10924.150390625,
      "displacement_rate_of_employed": 0.007400122471153736,
      "mean_income_change": -112.41284942626953
    },
    "25-34": {
      "displaced_weighted": 4901.4609375,
      "displacement_rate_of_employed": 0.0010251246858388186,
      "mean_income_change": -26.410308837890625
    },
    "35-44": {
      "displaced_weighted": 0.0,
      "displacement_rate_of_employed": 0.0,
      "mean_income_change": -9.095539093017578
    },
    "45-54": {
      "displaced_weighted": 0.0,
      "displacement_rate_of_employed": 0.0,
      "mean_income_change": -27.972108840942383
    },
    "55-64": {
      "displaced_weighted": 0.0,
      "displacement_rate_of_employed": 0.0,
      "mean_income_change": -6.212566375732422
    },
    "65-+": {
      "displaced_weighted": 0.0,
      "displacement_rate_of_employed": 0.0,
      "mean_income_change": 0.0
    }
  }
}