{
  "scenario": "brynjolfsson_canaries_2025",
  "displaced_weighted_total": 20333.78125,
  "share_of_employed_displaced": 0.0008830181905068457,
  "exchequer_cost_bn": 0.16146432,
  "poverty_change_bhc_pp": 0.015542164792334279,
  "gini_change_pp": 0.008740160482556547,
  "age_bands": {
    "16-24": {
      "displaced_weighted": 15295.8330078125,
      "displacement_rate_of_employed": 0.01036154106259346,
      "mean_income_change": -100.84001159667969
    },
    "25-34": {
      "displaced_weighted": 5037.94921875,
      "displacement_rate_of_employed": 0.0010536707704886794,
      "mean_income_change": -26.48611068725586
    },
    "35-44": {
      "displaced_weighted": 0.0,
      "displacement_rate_of_employed": 0.0,
      "mean_income_change": -8.839226722717285
    },
    "45-54": {
      "displaced_weighted": 0.0,
      "displacement_rate_of_employed": 0.0,
      "mean_income_change": -29.692041397094727
    },
    "55-64": {
      "displaced_weighted": 0.0,
      "displacement_rate_of_employed": 0.0,
      "mean_income_change": -9.011743545532227
    },
    "65-+": {
      "displaced_weighted": 0.0,
      "displacement_rate_of_employed": 0.0,
      "mean_income_change": -8.706833839416504
    }
  }
}