{
  "scenario": "hosseini_lichtinger_2026",
  "displaced_weighted_total": 103967.9921875,
  "share_of_employed_displaced": 0.0045149317011237144,
  "exchequer_cost_bn": 1.029963776,
  "poverty_change_bhc_pp": 0.11195995830187433,
  "gini_change_pp": 0.06231144950484824,
  "age_bands": {
    "16-24": {
      "displaced_weighted": 56284.91015625,
      "displacement_rate_of_employed": 0.03812792897224426,
      "mean_income_change": -526.0983276367188
    },
    "25-34": {
      "displaced_weighted": 47683.0859375,
      "displacement_rate_of_employed": 0.009972763247787952,
      "mean_income_change": -309.4027404785156
    },
    "35-44": {
      "displaced_weighted": 0.0,
      "displacement_rate_of_employed": 0.0,
      "mean_income_change": -34.798004150390625
    },
    "45-54": {
      "displaced_weighted": 0.0,
      "displacement_rate_of_employed": 0.0,
      "mean_income_change": -123.19937133789062
    },
    "55-64": {
      "displaced_weighted": 0.0,
      "displacement_rate_of_employed": 0.0,
      "mean_income_change": -84.08148193359375
    },
    "65-+": {
      "displaced_weighted": 0.0,
      "displacement_rate_of_employed": 0.0,
      "mean_income_change": -9.360945701599121
    }
  }
}