{
  "scenario": "hosseini_lichtinger_2026_adopter_scaled",
  "displaced_weighted_total": 18358.236328125,
  "share_of_employed_displaced": 0.0007972278399392962,
  "exchequer_cost_bn": 0.145211392,
  "poverty_change_bhc_pp": 0.03223750975955286,
  "gini_change_pp": 0.014623654697132338,
  "age_bands": {
    "16-24": {
      "displaced_weighted": 5674.896484375,
      "displacement_rate_of_employed": 0.0038442283403128386,
      "mean_income_change": -56.342220306396484
    },
    "25-34": {
      "displaced_weighted": 12683.337890625,
      "displacement_rate_of_employed": 0.002652679104357958,
      "mean_income_change": -37.525630950927734
    },
    "35-44": {
      "displaced_weighted": 0.0,
      "displacement_rate_of_employed": 0.0,
      "mean_income_change": -5.538081645965576
    },
    "45-54": {
      "displaced_weighted": 0.0,
      "displacement_rate_of_employed": 0.0,
      "mean_income_change": -5.40434455871582
    },
    "55-64": {
      "displaced_weighted": 0.0,
      "displacement_rate_of_employed": 0.0,
      "mean_income_change": -11.73630142211914
    },
    "65-+": {
      "displaced_weighted": 0.0,
      "displacement_rate_of_employed": 0.0,
      "mean_income_change": 0.0
    }
  }
}