{
  "scenario": "klein_teeselink_2025",
  "displaced_weighted_total": 972402.0625,
  "share_of_employed_displaced": 0.042227696627378464,
  "exchequer_cost_bn": 21.840592896,
  "poverty_change_bhc_pp": 1.213828570160877,
  "gini_change_pp": 0.40304927903329624,
  "age_bands": {
    "16-24": {
      "displaced_weighted": 63541.05078125,
      "displacement_rate_of_employed": 0.04304330796003342,
      "mean_per_capita_income_change": -525.4728762804746
    },
    "25-34": {
      "displaced_weighted": 213405.625,
      "displacement_rate_of_employed": 0.04463309422135353,
      "mean_per_capita_income_change": -863.0560859099821
    },
    "35-44": {
      "displaced_weighted": 269309.375,
      "displacement_rate_of_employed": 0.044130776077508926,
      "mean_per_capita_income_change": -871.5669179589503
    },
    "45-54": {
      "displaced_weighted": 217058.46875,
      "displacement_rate_of_employed": 0.043260011821985245,
      "mean_per_capita_income_change": -829.5084438120583
    },
    "55-64": {
      "displaced_weighted": 181679.609375,
      "displacement_rate_of_employed": 0.04059045389294624,
      "mean_per_capita_income_change": -601.4604242126115
    },
    "65-+": {
      "displaced_weighted": 27407.94140625,
      "displacement_rate_of_employed": 0.02334447205066681,
      "mean_per_capita_income_change": -80.844995850738
    }
  }
}